"row ID","BalabanJ","BertzCT","Ipc","HallKierAlpha","Kappa1","Kappa2","Kappa3","Chi0","Chi1","Chi0n","Chi1n","Chi2n","Chi3n","Chi4n","Chi0v","Chi1v","Chi2v","Chi3v","Chi4v","MolLogP","MolMR","MolWt","HeavyAtomMolWt","NHOHCount","NOCount","NumHAcceptors","NumHDonors","NumHeteroatoms","NumRotatableBonds","NumValenceElectrons","TPSA","LabuteASA","PEOE_VSA1","PEOE_VSA2","PEOE_VSA3","PEOE_VSA4","PEOE_VSA5","PEOE_VSA6","PEOE_VSA7","PEOE_VSA8","PEOE_VSA9","PEOE_VSA10","PEOE_VSA11","PEOE_VSA12","PEOE_VSA13","PEOE_VSA14","SMR_VSA1","SMR_VSA2","SMR_VSA3","SMR_VSA4","SMR_VSA5","SMR_VSA6","SMR_VSA7","SMR_VSA9","SMR_VSA10","EState_VSA1","EState_VSA2","EState_VSA3","EState_VSA4","EState_VSA5","EState_VSA6","EState_VSA7","EState_VSA8","EState_VSA9","EState_VSA10"
"BalabanJ",1.0,-0.4180189213965381,-0.45078874472580366,0.33311811099360444,-0.21084046719714641,-0.23287227635200516,0.102223455704583,-0.41611468475744634,-0.6021725619370654,-0.5098867117775425,-0.6422884462855301,-0.5466591195022468,-0.5813088476710476,-0.5499662332468233,-0.4825033349272066,-0.5554660357080212,-0.38717739491117437,-0.42028635486892263,-0.41690132189928675,-0.19995218660987968,-0.5672213344055591,-0.45258254506507395,-0.42820814976513527,-0.026870901223659406,-0.047400910371640785,-0.013611927696956778,-0.021658880958348073,0.08737870449661143,-0.06625149529154492,-0.49646049685272486,0.10467565284618187,-0.5639520447059404,-0.017241774918488918,-0.032226831652222336,0.012217406184358466,0.14591463598887447,-0.09981464203870041,-0.23095029957590746,-0.28741915646016736,-0.18007622682672758,-0.08707337463634449,-0.07990533419308726,-0.033893788183205,-0.0493444048415781,-0.03796469016976532,0.1745438611467013,0.12705159504835392,0.1624898416913065,-0.17996758127282,2.213335837673484E-4,-0.02329800813192491,-0.1263118821911465,-0.4262144614801985,-0.029088543066845135,0.05923697012752913,0.33566808642714213,0.016152789876221266,-0.16212351159429508,-0.3366006027998989,-0.14147432014454292,-0.09475190999350937,-0.2861451056230947,-0.21134249073154424,0.16223492423566785,0.26151431708892403
"BertzCT",-0.4180189213965381,1.0,0.6621719518110835,-0.8007448083681287,0.4294980096802356,0.16827630459437487,-0.19541744956148538,0.7476894233105335,0.8189298374223105,0.6489043843219083,0.6080507588205565,0.48751008825495024,0.4829402041019785,0.42662862852348904,0.6195073666658684,0.5186615834709049,0.3315789464174951,0.3248543473311906,0.290004417103776,0.3221007024931077,0.7305759361853773,0.697059405868595,0.7232001245838062,-0.05279983532607364,0.30696419780709927,0.3153502115050159,-0.06063520876189134,0.21121214964097676,-0.05049992110740806,0.6746848716703556,0.2378518766767578,0.7530271257490618,-0.06950789295157138,0.1606329495865288,0.20402879447649208,0.03122332197341491,0.025803283119642015,0.2725737647996135,0.22505225762076173,0.15612847923204942,0.08491294718406062,0.14339995311437806,0.12194870352461643,0.0660994668712223,0.21592607960600962,-0.03873943190373845,-0.16045964658936596,0.055992441739387645,0.33864735341717295,-0.06435135880103736,-0.21927587697638987,-0.23178656455454594,0.687904520055256,0.29722798638864656,0.12456210670089192,-0.06820708856210934,0.0746774042393009,0.1824642500530078,0.14793878061321364,-0.012517273495604482,0.26826288044051616,0.37793699611655707,0.11277430472761231,-0.12934297445868312,0.049409660285948113
"Ipc",-0.45078874472580366,0.6621719518110835,1.0,-0.5455679285913654,0.4325157625669583,0.3025511164610592,0.007419665695862967,0.6243551815048806,0.7131695832397962,0.624898666020675,0.650155696510906,0.5464290452302463,0.5477935405389904,0.5012415094381826,0.5738595142621261,0.5154780251894493,0.3367450420237175,0.330262597091641,0.29625932318344184,0.2607930123661205,0.6481099081809437,0.5867550132006878,0.5772988358895537,-0.02167334349397876,0.1549431505816964,0.11016299715111355,-0.02915225618653853,0.025796842601168414,0.0988330529275683,0.6226306999037229,0.053861145925797056,0.6679913485881045,0.03677634941907423,0.06828053501842556,0.05582072774838984,-0.03945915861137054,-0.04958830646696113,0.30136947086194876,0.2521347727365312,0.1598994980812778,0.11165199919488668,0.1122769250362817,0.06686716271903799,0.03075997154427471,0.0922731650634946,-0.058301076317180754,-0.049748444293465865,-0.011349174598168687,0.18199401677600624,-0.02033374827071595,-0.04944717645612926,-0.00650613663511398,0.5255158900667914,0.2155837959897554,-0.04363398127707842,-0.13470142151620768,0.032777938325187064,0.14513257093943135,0.24203886176744152,0.015291776597917323,0.12030732091716638,0.34630155294388026,0.1866323228391113,-0.10358327113772477,-0.06656396830567723
"HallKierAlpha",0.33311811099360444,-0.8007448083681287,-0.5455679285913654,1.0,-0.37556025727977776,-0.2502014351401494,0.07495001536816377,-0.6776741008785027,-0.726196535761888,-0.536240969531903,-0.45914918296803364,-0.28383083008025567,-0.2551942136397448,-0.18532047830921636,-0.369265490590433,-0.16795154183640054,0.10065520636548027,0.11511609076921461,0.1453311130242914,-0.09042038215651271,-0.5268706930820688,-0.4674639525412087,-0.4954479265361362,-0.07845388544589904,-0.5098156017746311,-0.41316466027409227,-0.06598527739896813,-0.27453606958538634,-0.14345452535653244,-0.5728560684650591,-0.4608106824861765,-0.5809571142748473,-0.06243651153904197,-0.2960668138695228,-0.17864119177635762,-0.03601777211161659,0.1185027149507994,-0.16949340342003896,-0.08168679108655828,-0.1018034282781588,-0.041749952347631784,-0.13704678497108375,-0.08865769669278904,-0.10513426523574466,-0.24680430280348242,-0.10108874340925866,0.04510864469210044,-0.1323397294561995,-0.3874760894167167,0.046099710169835,0.3376816091281034,0.21747385442808873,-0.6526520943034961,-0.329546340108381,0.12136657437669159,-5.744482708944486E-4,-0.16418976506870428,-0.16887084802655522,0.03062279142087875,0.10050659305546047,-0.3017949736610258,-0.3233931958980769,-0.03764379913667796,0.17832045703490437,-0.15321108744648443
"Kappa1",-0.21084046719714641,0.4294980096802356,0.4325157625669583,-0.37556025727977776,1.0,0.8320309990525823,0.5680299379418275,0.8958832572053926,0.7733078665170224,0.8455420569544497,0.7251607761664925,0.6226701070409205,0.471791032220482,0.36693044216527737,0.8588948982579304,0.7010661349443893,0.5401136758606897,0.3883842651262408,0.2892384905446844,0.1863221726605128,0.7518783997259475,0.8361427146484267,0.7934542502872602,0.12207023526179796,0.30172545095752595,0.28524830185555017,0.11469434713027757,0.29259215728055255,0.6560858002261364,0.9013582654473942,0.2377481427011973,0.836724537329626,0.2063310456499859,0.20521265931808638,0.07456709259133183,0.05310490118879176,-0.04838039349895923,0.2041181134556427,0.25936626854396044,0.20329916897885275,0.19188858737618952,0.10158909085257828,0.038400596324761026,0.08036612113867779,0.12005466640079253,0.17758637636798505,0.3059060877409218,0.06035301344782619,0.01918434909384084,0.06854882686653224,0.2399907041341071,0.23915201998697372,0.29068934840043126,0.054085600768504945,0.03575370456812582,0.2136778501328153,0.2614358216994786,0.20203724514163085,0.13312977540906398,0.09786139927245856,0.18721911188583376,0.16668480564689983,0.020825662562768625,0.03140658104265771,0.29003174318068303
"Kappa2",-0.23287227635200516,0.16827630459437487,0.3025511164610592,-0.2502014351401494,0.8320309990525823,1.0,0.7829972795130808,0.6353043489930077,0.5814401473111603,0.6326874983985873,0.5558073588269214,0.35236688736260774,0.2249142883812177,0.12614276178458333,0.6533012466055123,0.543842874544101,0.29611088890776005,0.17811482854140143,0.0859927928882412,0.15154055276150288,0.6119719261854553,0.6036062482075282,0.5564102503474947,0.14117447316942858,0.16071189884260365,0.12985706663333882,0.1371838103083197,0.12550528888420898,0.8128186325838197,0.660861331203774,0.10391015828237982,0.6370567281272915,0.17245286760222017,0.12595075921859883,-0.007739523901059686,0.007093642646102152,0.011326415545231016,0.22804464921439066,0.19522463008884172,0.17111166213854104,0.15702162380751014,0.05596080137526295,-0.03608194347141836,0.023689118404666185,0.016432182367474353,0.0852497832123806,0.16650891261513473,0.06103927524301764,-0.025499029938615154,-0.01229244399686762,0.12313586054883403,0.33441847392901075,0.24799192573522527,0.031184310284592728,0.01065617067032489,-0.00388074311947348,0.11701150509719192,0.14013723307747827,0.12840612336249088,0.10581203187633571,0.16494023119252935,0.1980696058256577,0.07156840765772382,0.04080732883157577,0.053006358049503065
"Kappa3",0.102223455704583,-0.19541744956148538,0.007419665695862967,0.07495001536816377,0.5680299379418275,0.7829972795130808,1.0,0.25274950081070624,0.13312848079036582,0.2395975500506206,0.14566720661315014,0.04980498297622998,-0.13832995469424134,-0.19557883301762427,0.2814502816722379,0.2168879284632827,0.12421520779716996,-0.0744839352617259,-0.13898985840906952,-0.004981718555288578,0.19623930376686333,0.2411798546920652,0.20237848538011466,0.16389208198378755,0.0722421637722086,0.05284576882068995,0.16524216549426368,0.12009824119518756,0.7589444677586493,0.2778486714032041,0.08440443417688388,0.21101664634315492,0.14845119493511724,0.06667853627689188,-0.0047515670323938644,0.015032225642431767,-0.01147532959702516,0.06427371465756672,0.060067114780526606,0.050526495354966984,0.06433404783503502,-0.03844103342592615,-0.08054601803057977,0.021253627422706114,-0.039186285103128195,0.12569383467349424,0.23479669796326624,-6.034251065456371E-4,-0.11717927692368733,-0.007467021715176419,0.15391538609710795,0.28255816803535716,-0.07137023761925032,-0.0974246402526364,0.031066394285771758,0.11881789993508875,0.08415534210053316,0.024395611294618966,-0.025376098297638254,0.03265929655684296,0.05094613950270201,0.009985783419880824,9.437115284727658E-4,0.06325610165958304,0.13368168259824356
"Chi0",-0.41611468475744634,0.7476894233105335,0.6243551815048806,-0.6776741008785027,0.8958832572053926,0.6353043489930077,0.25274950081070624,1.0,0.9542319436039265,0.9306282573190375,0.8414919680124981,0.7277235647572186,0.6281405248482795,0.5311132923169349,0.8863039604225947,0.7171415578945889,0.513807868181273,0.41496088590733804,0.33883317465041696,0.23409432936329713,0.863563743479661,0.8992121703537052,0.8757960596222125,0.08676470870968338,0.39552583375272093,0.35681657308118064,0.07598157302517568,0.2992983219729371,0.4183319488679084,0.9790299148786286,0.3028201800559147,0.9495035632055161,0.1599832234128472,0.24831009453624744,0.12761893837997806,0.035245070751843,-0.06520803018497955,0.25138273737666256,0.2932601029387839,0.22362614198406755,0.17981867921782774,0.14737805772397125,0.08881190031475605,0.10499753811137436,0.1939140901375039,0.12934561043070522,0.18473824818558499,0.05574745435865432,0.1793624734650771,0.05610304812271395,0.09952096724708677,0.08262406157400443,0.5196458299709313,0.1731651912097181,2.1713386267806185E-4,0.1272031004403866,0.2572111676854505,0.24324774102312166,0.1739032568531431,0.06824200824271823,0.24246448562232728,0.2781205773770017,0.06563503879925955,-0.0637890548578891,0.24624341218658138
"Chi1",-0.6021725619370654,0.8189298374223105,0.7131695832397962,-0.726196535761888,0.7733078665170224,0.5814401473111603,0.13312848079036582,0.9542319436039265,1.0,0.9246956428084395,0.898595325739251,0.7488546986629909,0.6998399410084616,0.6146937273145429,0.8726610272602051,0.7541598032797789,0.5053953964436726,0.45929014729594136,0.4000634200578418,0.29725172144969103,0.9143133966022745,0.8767099302116936,0.8555421948728794,0.0473819683016,0.319326018018639,0.27722354349561107,0.03635505257175215,0.18219032619239986,0.31391184195581795,0.9490412981097552,0.19666701660706767,0.9687252616990617,0.10395952412182086,0.18944893518416536,0.10445262184823718,-0.008260932739339857,-0.021959029464643384,0.3229456980552104,0.32735073993657876,0.2384598060793038,0.1743177573423855,0.15573805761924162,0.08780632674147312,0.08328389453908243,0.1626056895289513,0.023827069197002025,0.04354400284875606,0.024716488527544444,0.22167058543144286,0.014798524667886838,0.02498802526773833,0.07140211788810041,0.629483530321876,0.2186829863310086,-0.018385901294454696,-0.05120588877848575,0.15644762211895616,0.23605903762740257,0.2638797212326583,0.09040141335763817,0.23756677732032955,0.37168160634050784,0.14900709733391138,-0.1103587548380168,0.06478219482574128
"Chi0n",-0.5098867117775425,0.6489043843219083,0.624898666020675,-0.536240969531903,0.8455420569544497,0.6326874983985873,0.2395975500506206,0.9306282573190375,0.9246956428084395,1.0,0.9565006164412763,0.8802057787514146,0.7832548156305166,0.6968254169895395,0.934930246787741,0.7996914927431007,0.6164878935761893,0.52559913859491,0.46125048382714984,0.2845106683077189,0.9081856763601198,0.8132183068107478,0.7552285692387126,0.05070220348354946,0.21615715876839528,0.12663605362200062,0.038146377812956773,0.04176564801218482,0.3684752972801231,0.9552121052958418,0.07646708248205446,0.9338997970307662,0.1278203008193593,0.13698407926764394,0.04892548865914536,-0.05377051285854067,-0.09104614039824242,0.2946897824157721,0.40459794254661124,0.2835360036078255,0.20536234112609777,0.13148046617177,0.049997579846349456,0.05136762218873531,0.09324299853798226,0.01474077001461771,0.07247900928454641,0.0032754219838229456,0.1100804878472032,0.09378726609415843,0.29049991416206355,0.19218593008291815,0.46977046022437274,0.13472828193132813,-0.12975633521482707,-0.07989211814050794,0.14403828436919305,0.20845578792828884,0.32561947738953534,0.12863137599440003,0.1609590700853858,0.34479303657144095,0.1958425649599261,-0.13377794682610902,0.01039920589077857
"Chi1n",-0.6422884462855301,0.6080507588205565,0.650155696510906,-0.45914918296803364,0.7251607761664925,0.5558073588269214,0.14566720661315014,0.8414919680124981,0.898595325739251,0.9565006164412763,1.0,0.9309814960827025,0.8903117555593759,0.825806522512141,0.8818641190205034,0.8240458347085908,0.641961164215509,0.6009381678622249,0.5600067959143866,0.29541225386748104,0.8865549517960315,0.7487102168995126,0.684423243492729,0.04173797090793313,0.09192643764680856,-0.012840898266269253,0.029227180214543895,-0.10107388432873536,0.2547952840422606,0.8989344323126736,-0.04503569673176382,0.8951998885083923,0.10089468637411639,0.08278455079237924,-0.011861683243094662,-0.10502793950125054,-0.1037330177601978,0.34554522825897604,0.44359938073506966,0.2813936024046094,0.19593500658164856,0.11838520146936006,0.02684857245145824,0.0177980806889921,0.05453445679816867,-0.061786662554998685,0.018685906133242784,-0.03128342889984587,0.05692546663938443,0.09254623111547318,0.3386501257210062,0.19116172215646268,0.47971295898344124,0.10687243681729516,-0.1790927334725616,-0.16384749160556542,0.092287663483186,0.19032032302138577,0.4264897939421425,0.17975500923630505,0.08592323493269963,0.34397235940295634,0.22370463028524643,-0.16884132335026622,-0.07037349275986772
"Chi2n",-0.5466591195022468,0.48751008825495024,0.5464290452302463,-0.28383083008025567,0.6226701070409205,0.35236688736260774,0.04980498297622998,0.7277235647572186,0.7488546986629909,0.8802057787514146,0.9309814960827025,1.0,0.9374971524168839,0.8997360524370375,0.8036597146283593,0.7591575402462608,0.7146972570414024,0.6480615063507008,0.6287969338204041,0.2455720868289245,0.7617335713174951,0.6295563221544239,0.5564090055876848,0.03210792096555879,0.011038418061789979,-0.11128223829532903,0.02052110926893678,-0.1732520789804583,0.09066125445922572,0.7952673139595929,-0.10362345874064116,0.7689640757415691,0.08493336131166097,0.04676996513564751,-0.05122487996643125,-0.12041139069159093,-0.14759859064939806,0.2934973384569613,0.45262072296115025,0.25829076800362766,0.18268794142223205,0.1029803165555734,0.020089860395869512,-2.4458321627937824E-4,0.02237111401804584,-0.08283577160072603,0.0389421142682836,-0.0392943592937903,-0.019842313390610766,0.19899391503885439,0.49092322641226516,0.15745136213192848,0.3297272816348432,0.038559518484057635,-0.2224117429401288,-0.11295913192294559,0.11261211766389612,0.14873383262508816,0.41370253093323117,0.18737358045975014,4.914703177884589E-4,0.2546982524899561,0.2218243533469531,-0.1714933748651064,-0.04330196812015682
"Chi3n",-0.5813088476710476,0.4829402041019785,0.5477935405389904,-0.2551942136397448,0.471791032220482,0.2249142883812177,-0.13832995469424134,0.6281405248482795,0.6998399410084616,0.7832548156305166,0.8903117555593759,0.9374971524168839,1.0,0.9767286417323474,0.703703900077644,0.7147240395438754,0.6515557552633862,0.6990356892991477,0.6922097701909753,0.22553684280694647,0.691920025717096,0.5541409228298233,0.48970340962997666,-0.001908682383925565,-0.042689799679254944,-0.16555723606264133,-0.013065420606396394,-0.22874101799158586,-0.05574480025511977,0.7036081728574195,-0.14778156668380135,0.6971044625742504,0.06655705865446904,0.01908757898097088,-0.0834227636231487,-0.1292841130245187,-0.14763115717881906,0.2864778348200893,0.42540887630955765,0.24624066296604424,0.18673027144795315,0.10203498145651767,0.01760416154877455,-0.02359333718662528,0.012609630778578164,-0.11912887674926699,0.0014547181035783922,-0.02268449612769021,-0.04371215204409113,0.21622249626496573,0.41974091078740355,0.1404517969179625,0.33485124639467534,0.052869351774627246,-0.22769144681672035,-0.1470408955629979,0.0747871466178364,0.1438827402825989,0.45152541032684246,0.22335955918613176,-0.038663159810241876,0.21788794422462238,0.1989415951879281,-0.168256179099711,-0.07333018719452723
"Chi4n",-0.5499662332468233,0.42662862852348904,0.5012415094381826,-0.18532047830921636,0.36693044216527737,0.12614276178458333,-0.19557883301762427,0.5311132923169349,0.6146937273145429,0.6968254169895395,0.825806522512141,0.8997360524370375,0.9767286417323474,1.0,0.620908637657582,0.6610357833702277,0.6292028439751917,0.6870949363419391,0.7229385042930072,0.20535312680406617,0.6109441642511046,0.4713906187879482,0.40964281751739806,-0.014973319975271316,-0.08614213396581977,-0.2080507918533521,-0.02510291252406533,-0.2645520849162093,-0.13847208078399764,0.6125536985986739,-0.17982993745605377,0.6106618659456917,0.04846708687521872,-0.01016650274069949,-0.09368222388176767,-0.13510189832996103,-0.14323031804938016,0.2560135589551732,0.41475161566437485,0.2238961277366154,0.16989222850820523,0.08920430458894092,0.009978819581528355,-0.025767261244867015,-0.011979220175448125,-0.13128695667770324,-0.01794067041787309,-0.02739329370256146,-0.06661705401640114,0.23304573277869076,0.4319830429444183,0.11517094542823542,0.2782780403962712,0.036593429891041585,-0.22258673054870992,-0.1597648473129558,0.0588370602912006,0.1240706447489961,0.44682222833431173,0.2374315036268036,-0.07857115023667524,0.17796003492922197,0.19692386965765385,-0.1645437314346817,-0.09511207379781464
"Chi0v",-0.4825033349272066,0.6195073666658684,0.5738595142621261,-0.369265490590433,0.8588948982579304,0.6533012466055123,0.2814502816722379,0.8863039604225947,0.8726610272602051,0.934930246787741,0.8818641190205034,0.8036597146283593,0.703703900077644,0.620908637657582,1.0,0.9111964997297805,0.7681274664623727,0.6686354466108316,0.5918969523306693,0.3871491439890623,0.9395668000729421,0.9114425990890812,0.8652730921195266,0.004521925621303226,0.13083641004657692,0.1334091774390804,-5.771444559985086E-4,0.09581625388486432,0.37561611102865444,0.9149710553696784,0.0026208688181761012,0.9544793167123417,0.0521431549586338,0.09198047525230485,0.054971196559857514,-0.01886495981436494,0.07425794229808111,0.3163423970322866,0.4178770676932655,0.2760502986181504,0.18633365219508533,0.10009641346336638,0.05981061039496859,0.05482278647038188,0.07181080715289428,-0.03396826602183754,0.005305573540490247,-0.0027349269342548574,0.08349834681089294,0.06652517681908789,0.26488750184712256,0.19967064682736854,0.41731591217054365,0.10089898499883379,0.1348335336153125,-0.09845570171668018,0.103053933218118,0.19340339857670086,0.32686910317231094,0.15648787882230544,0.17567105874619396,0.33632628881717413,0.21484441578892866,-0.03510430658343103,-0.03494742877949251
"Chi1v",-0.5554660357080212,0.5186615834709049,0.5154780251894493,-0.16795154183640054,0.7010661349443893,0.543842874544101,0.2168879284632827,0.7171415578945889,0.7541598032797789,0.7996914927431007,0.8240458347085908,0.7591575402462608,0.7147240395438754,0.6610357833702277,0.9111964997297805,1.0,0.9013995847953921,0.8507373057829716,0.7913984564413964,0.41129367941459954,0.8541683389843349,0.8143187884316132,0.7674605244158713,-0.03793734978561973,-0.014430504243961266,0.022228319210919265,-0.04471792371300383,0.004952164920177577,0.2663156775839801,0.7858812313758117,-0.11125376646158196,0.8408117388325361,-0.02488135344885244,0.00283247389684073,0.04802656943691462,-0.03782244208289435,0.1623267540420608,0.32038159435484,0.3991635880067643,0.25291526706477147,0.16733047334261628,0.05443322675740094,0.04170098365742648,0.04616026115205483,0.030008915962144393,-0.12518304623589996,-0.023863232252692525,-0.040449147650190094,-0.011906417397513405,0.03595644169597151,0.2877637065797937,0.22660653071395015,0.3475219861093553,0.03505625848345343,0.17221636505456914,-0.11476774662819048,0.03345854799038606,0.1437822352099545,0.397801778380083,0.23167701591754009,0.11134858061312992,0.29290625318829605,0.19184125541027058,-0.12201531862490249,-0.07144435536568688
"Chi2v",-0.38717739491117437,0.3315789464174951,0.3367450420237175,0.10065520636548027,0.5401136758606897,0.29611088890776005,0.12421520779716996,0.513807868181273,0.5053953964436726,0.6164878935761893,0.641961164215509,0.7146972570414024,0.6515557552633862,0.6292028439751917,0.7681274664623727,0.9013995847953921,1.0,0.9269190744945556,0.8809349362084058,0.3698280506311106,0.6534987250575038,0.6479491330802312,0.6008343992730697,-0.06649163012723458,-0.12495904213668789,-0.07222813759381555,-0.0711248345776109,-0.038396871542405335,0.08774747832138682,0.5896441777919142,-0.18158220179659543,0.6327916455229259,-0.07305426762352063,-0.05144543418907756,0.017507348819530245,-0.05634405056585918,0.1732051817816653,0.25279994080963936,0.36259721249566723,0.19703534194593206,0.1292862386554286,0.014308867302233007,0.03657591212089959,0.026197458368804258,-0.008642575323239327,-0.14631212923396755,-0.011339521250795848,-0.047816425526039,-0.11061429990460953,0.11190770008858447,0.4068868315901409,0.17516350398497368,0.13864971985014907,-0.055281258243771614,0.21222257855432763,-0.03419394791724808,0.03347815207687578,0.07535935591754764,0.3398860178176831,0.2304496609521095,0.025716135549349657,0.16704057857935498,0.16044290200214298,-0.08282919021615588,-0.03901031299825593
"Chi3v",-0.42028635486892263,0.3248543473311906,0.330262597091641,0.11511609076921461,0.3883842651262408,0.17811482854140143,-0.0744839352617259,0.41496088590733804,0.45929014729594136,0.52559913859491,0.6009381678622249,0.6480615063507008,0.6990356892991477,0.6870949363419391,0.6686354466108316,0.8507373057829716,0.9269190744945556,1.0,0.9618205733397889,0.3505847997046015,0.5868105803783867,0.5621908898582029,0.5230966284834805,-0.10728117246442145,-0.17775748144900352,-0.10806589749259939,-0.11325285767791672,-0.09718837435760329,-0.046777260286039735,0.4967525711814187,-0.22836914830689742,0.5598505231884171,-0.09264129375883169,-0.07216490577458941,-0.024954157120534615,-0.05450397669829169,0.20451761525199436,0.23436220884384198,0.3255845298038666,0.18989547986081867,0.13313514187742798,0.017133024748096002,0.030826579115400165,-0.007988571514755372,-0.019294890945257964,-0.17361182658504715,-0.06016231734129923,-0.028079905288080506,-0.12275652248999049,0.11980488706099424,0.34040758513415825,0.15733657774948565,0.14422265273309506,-0.037694974276538104,0.19996615323844133,-0.08340791802765012,-0.003248524318439378,0.06636717623924814,0.3697230820194992,0.2692658148152074,0.001945262432257444,0.14254980267851303,0.14136836271211078,-0.11061437878735139,-0.07721063201547203
"Chi4v",-0.41690132189928675,0.290004417103776,0.29625932318344184,0.1453311130242914,0.2892384905446844,0.0859927928882412,-0.13898985840906952,0.33883317465041696,0.4000634200578418,0.46125048382714984,0.5600067959143866,0.6287969338204041,0.6922097701909753,0.7229385042930072,0.5918969523306693,0.7913984564413964,0.8809349362084058,0.9618205733397889,1.0,0.32231488885128823,0.5205118529800737,0.4820897212024841,0.4448691915378032,-0.11488096726714596,-0.206783074026064,-0.13903587026959402,-0.12013495814394966,-0.13583838998339248,-0.1306759056712939,0.4253606947790479,-0.24940252468864815,0.489932092880536,-0.10041683064376676,-0.0915356116579844,-0.03374762736503537,-0.05841410712870909,0.20249251258793685,0.2018847417363932,0.3137840085229436,0.17291199428370885,0.12551162894722712,0.014793318054518523,0.02780156887729951,-0.01478755850279161,-0.038840385464473916,-0.17954855633761016,-0.07742379080820189,-0.029928199197230665,-0.13642541052276141,0.13476561454712083,0.35035428223767023,0.13023882984638588,0.1081545714878936,-0.04346201456524999,0.18300312039582434,-0.10231160895385479,-0.011177964518614934,0.053530351066395344,0.37092248471521944,0.28032483928937635,-0.0312583817822686,0.11463016974016035,0.14162438639134484,-0.1280520385404586,-0.09579665725037641
"MolLogP",-0.19995218660987968,0.3221007024931077,0.2607930123661205,-0.09042038215651271,0.1863221726605128,0.15154055276150288,-0.004981718555288578,0.23409432936329713,0.29725172144969103,0.2845106683077189,0.29541225386748104,0.2455720868289245,0.22553684280694647,0.20535312680406617,0.3871491439890623,0.41129367941459954,0.3698280506311106,0.3505847997046015,0.32231488885128823,1.0,0.47414334126009555,0.32034831871097663,0.32138869454894453,-0.4706229742586759,-0.5237395078818673,-0.29780875281273533,-0.46773321969164267,-0.41113756379791666,-0.04253939775798221,0.20567033611476637,-0.5440667500374557,0.3680781254861306,-0.39503757516718907,-0.2357206709702793,-0.07452276797724756,0.007699501260171823,0.09556432888158156,0.4703262958382638,0.4664975507074036,0.11071362718504359,-0.1524184745684592,-0.13395839572196938,-0.049357023850418666,-0.1267198591365232,-0.1715029996336527,-0.16743358219422727,-0.34791104935759903,0.03562648591625849,-0.2530609479747614,-0.061123578739726805,0.1242185569385633,-0.2884002350280875,0.45705560662179,0.1851696110410683,0.15881789562286502,-0.2929941196938347,-0.1988094583258582,-0.01695934396832133,0.167841101469925,0.02882473028403789,0.12234848473546593,0.3974876901240545,0.11815912644436544,0.023017501300643103,-0.2822527733248976
"MolMR",-0.5672213344055591,0.7305759361853773,0.6481099081809437,-0.5268706930820688,0.7518783997259475,0.6119719261854553,0.19623930376686333,0.863563743479661,0.9143133966022745,0.9081856763601198,0.8865549517960315,0.7617335713174951,0.691920025717096,0.6109441642511046,0.9395668000729421,0.8541683389843349,0.6534987250575038,0.5868105803783867,0.5205118529800737,0.47414334126009555,1.0,0.8581352474830787,0.8217165368469177,0.037196332024765306,0.07115556668352373,0.05494678705201053,0.03204193203031556,-0.018660758705542298,0.28863694596891293,0.8687058661708326,-0.039853149365320216,0.9570565951183639,-0.025312298697088162,0.11069724472661148,0.029644871127030303,-0.04841522534178096,0.05294460149854976,0.4340372632854613,0.4318898528365593,0.28472714165012114,0.1355143119163529,0.06735052992746177,0.03088371877703123,0.012497107122603669,0.0749597495514811,-0.11779824772359025,-0.1922231492322695,-0.006177778525822123,0.10391568674176216,0.037786177075795964,0.10378568058821262,0.10528763698242896,0.6153725757127824,0.15200141170658749,0.13378969118392597,-0.2344773430869631,0.026080772854714218,0.15469192406987078,0.34081021854803234,0.12184503191232482,0.1943042024675568,0.46806035148645214,0.26389592864991124,-0.08190153170390264,-0.14098127448752812
"MolWt",-0.45258254506507395,0.697059405868595,0.5867550132006878,-0.4674639525412087,0.8361427146484267,0.6036062482075282,0.2411798546920652,0.8992121703537052,0.8767099302116936,0.8132183068107478,0.7487102168995126,0.6295563221544239,0.5541409228298233,0.4713906187879482,0.9114425990890812,0.8143187884316132,0.6479491330802312,0.5621908898582029,0.4820897212024841,0.32034831871097663,0.8581352474830787,1.0,0.9931369530811774,0.037783538888816214,0.2981408234383839,0.3542585275782182,0.032746209258995684,0.35438748808388665,0.3740286884888881,0.9007867271423917,0.19600462954256104,0.9402348871185706,0.08614174933851944,0.17906074556330395,0.13468112964269838,0.05341336919024943,0.10455731202925422,0.25606641856925294,0.30218067054176867,0.20332770932929076,0.16419521914491852,0.12221491293409276,0.10640719105723773,0.11213008999011727,0.16772615596447354,0.0769074677644991,0.11944448387706542,-0.004622355476154949,0.17371635499690438,0.009705832270417101,0.045283453345770254,0.11101239674001274,0.45123866500182674,0.12561508913208197,0.2739633970726563,0.08272465431410433,0.19196570434352075,0.23160403726805334,0.20266456070618563,0.10710033956933046,0.2298183702282999,0.2453443949890431,0.11237572590847095,0.02913141267864417,0.16770698533752382
"HeavyAtomMolWt",-0.42820814976513527,0.7232001245838062,0.5772988358895537,-0.4954479265361362,0.7934542502872602,0.5564102503474947,0.20237848538011466,0.8757960596222125,0.8555421948728794,0.7552285692387126,0.684423243492729,0.5564090055876848,0.48970340962997666,0.40964281751739806,0.8652730921195266,0.7674605244158713,0.6008343992730697,0.5230966284834805,0.4448691915378032,0.32138869454894453,0.8217165368469177,0.9931369530811774,1.0,0.017512398979620942,0.32359232148642003,0.4042504024020977,0.013493472135298999,0.4055289392022375,0.3414689010933939,0.8627770395403765,0.23149848748016122,0.9135330757195492,0.06829273964962658,0.19108411764220884,0.15479852314701614,0.07669648859992881,0.12966229060824347,0.24237613128758315,0.26735166363825774,0.18081366480505012,0.14580730365888497,0.1221797109624846,0.11806625018398167,0.1214886502754382,0.18635896488194853,0.08836407843929715,0.11321299599954032,0.0076114390944279344,0.20178855837849138,-0.012323812116316946,-0.029897413587483653,0.05930074582652253,0.46498783532795984,0.14519463307668978,0.3245155048425525,0.10891473233101885,0.19770695569716012,0.23203483520800183,0.16075828911739684,0.08522186210680179,0.2506063033395255,0.23374179386358915,0.08670262736465392,0.04575766245174281,0.19769513765996177
"NHOHCount",-0.026870901223659406,-0.05279983532607364,-0.02167334349397876,-0.07845388544589904,0.12207023526179796,0.14117447316942858,0.16389208198378755,0.08676470870968338,0.0473819683016,0.05070220348354946,0.04173797090793313,0.03210792096555879,-0.001908682383925565,-0.014973319975271316,0.004521925621303226,-0.03793734978561973,-0.06649163012723458,-0.10728117246442145,-0.11488096726714596,-0.4706229742586759,0.037196332024765306,0.037783538888816214,0.017512398979620942,1.0,0.3303811090129377,0.17720482389976513,0.9866048874639276,0.27056149911359567,0.19621115835056088,0.11084617342668783,0.44174290153412443,0.028932550631545612,0.3114015051459068,0.24129266298327467,0.06351652354124133,-0.028337400480393602,-0.08384502110772896,-0.12557513659703087,-0.09885956516975368,-0.09868084698605938,0.023542839569155916,0.06181824605653682,0.00738757104038218,0.09750177450136041,0.14086180744795876,0.05988788754552462,0.11105768068330188,-0.03149546781689137,0.1613571056119326,0.08909805871448266,-0.033025112301350856,0.16368460149240244,-0.12639683885432515,-0.12354955574066868,0.035887744271337355,0.0802568859265427,0.11541788602042323,0.006576677000890486,-0.03175071146714039,-0.017479781247680307,-0.08050812077726546,-0.1067373608552647,0.1143423702132996,0.07819066094388849,0.046060911926345025
"NOCount",-0.047400910371640785,0.30696419780709927,0.1549431505816964,-0.5098156017746311,0.30172545095752595,0.16071189884260365,0.0722421637722086,0.39552583375272093,0.319326018018639,0.21615715876839528,0.09192643764680856,0.011038418061789979,-0.042689799679254944,-0.08614213396581977,0.13083641004657692,-0.014430504243961266,-0.12495904213668789,-0.17775748144900352,-0.206783074026064,-0.5237395078818673,0.07115556668352373,0.2981408234383839,0.32359232148642003,0.3303811090129377,1.0,0.8191004296734946,0.3263533508607221,0.8575127328585943,0.2939011018521177,0.3713980591350644,0.9095768653221354,0.22443454380028088,0.33791198863281796,0.42543571695498344,0.33015913841934136,0.05469763185882482,-0.011323595083906162,-0.374117697433378,-0.2504453102250119,-0.0028938575528326765,0.1517621373892979,0.17003439538247095,0.15759430654518647,0.2893875387769748,0.3449966267606413,0.30088319223515775,0.2655066105817911,0.012796166065358092,0.6151640433420134,0.0700854473680699,-0.1725042183617899,0.12594979682960428,-0.11325771471462169,0.03320745133703744,0.044687630239403725,0.33953688428042084,0.3719272381001582,0.24559132167215803,-0.1733144097614454,-0.05291828959348141,0.16032363783335307,-0.2183538264053375,-0.1018918495942095,0.014279021691789791,0.3956966997531654
"NumHAcceptors",-0.013611927696956778,0.3153502115050159,0.11016299715111355,-0.41316466027409227,0.28524830185555017,0.12985706663333882,0.05284576882068995,0.35681657308118064,0.27722354349561107,0.12663605362200062,-0.012840898266269253,-0.11128223829532903,-0.16555723606264133,-0.2080507918533521,0.1334091774390804,0.022228319210919265,-0.07222813759381555,-0.10806589749259939,-0.13903587026959402,-0.29780875281273533,0.05494678705201053,0.3542585275782182,0.4042504024020977,0.17720482389976513,0.8191004296734946,1.0,0.18563632276130626,0.9050975923962861,0.28002738784490655,0.32470703919184535,0.7346039814831171,0.22081597717142454,0.22899823014900877,0.31076231838083795,0.34174576143969665,0.2633221410361375,0.21175740910361798,-0.37846321034789665,-0.21652332115108602,-0.014545804508006745,0.05767885236975987,0.10240871656771941,0.14786129484331037,0.26947097891615,0.27450177105834095,0.3153551114203676,0.2475625174230624,0.006480744559523899,0.6235414116313819,-0.010032540285972178,-0.18952884875044995,0.03142392276197266,-0.1414441915876419,0.047334040448082905,0.243087623203207,0.36309704172472224,0.31457216604720845,0.22945231657767634,-0.18076658192141593,-0.05566717736118587,0.1938230751204848,-0.2060429572647253,-0.11695291720259929,9.207076855500512E-4,0.42447871241725743
"NumHDonors",-0.021658880958348073,-0.06063520876189134,-0.02915225618653853,-0.06598527739896813,0.11469434713027757,0.1371838103083197,0.16524216549426368,0.07598157302517568,0.03635505257175215,0.038146377812956773,0.029227180214543895,0.02052110926893678,-0.013065420606396394,-0.02510291252406533,-5.771444559985086E-4,-0.04471792371300383,-0.0711248345776109,-0.11325285767791672,-0.12013495814394966,-0.46773321969164267,0.03204193203031556,0.032746209258995684,0.013493472135298999,0.9866048874639276,0.3263533508607221,0.18563632276130626,1.0,0.2750653790287384,0.19374757202228607,0.10030950578065208,0.4350271983674499,0.022480478258501947,0.3085412212870266,0.23529216958652166,0.05646393957534303,0.005022594796039765,-0.07050164698580452,-0.1262914712229722,-0.10333307335363655,-0.10434895225708082,0.013594713916571183,0.0520760707088834,0.008381859373605027,0.10333962682552149,0.131029029195461,0.05504865832269171,0.100037101524557,-0.039268459475487814,0.1741130254441328,0.09385082232630763,-0.03042437807834151,0.15168174532897932,-0.134828830379009,-0.1251473816504839,0.048619856937555654,0.07752486476011088,0.1134319755630818,0.008286028264636754,-0.038442194835089,-0.02255490161000388,-0.08409636422587777,-0.1093716589721447,0.13049010113174556,0.07187275454735287,0.03990125520057768
"NumHeteroatoms",0.08737870449661143,0.21121214964097676,0.025796842601168414,-0.27453606958538634,0.29259215728055255,0.12550528888420898,0.12009824119518756,0.2992983219729371,0.18219032619239986,0.04176564801218482,-0.10107388432873536,-0.1732520789804583,-0.22874101799158586,-0.2645520849162093,0.09581625388486432,0.004952164920177577,-0.038396871542405335,-0.09718837435760329,-0.13583838998339248,-0.41113756379791666,-0.018660758705542298,0.35438748808388665,0.4055289392022375,0.27056149911359567,0.8575127328585943,0.9050975923962861,0.2750653790287384,1.0,0.28981787422470756,0.2736874127526887,0.7982917346726199,0.159462954347538,0.22490857471333647,0.35139231790544123,0.3553771461328536,0.24091321542151148,0.18108797686353276,-0.4080719737330023,-0.3052729006867282,-0.06106356997012896,0.0995994850985101,0.12227499860547025,0.1696718853644288,0.2921014158099139,0.317714245648485,0.3519041272413513,0.3047831281885362,0.0055923688040920684,0.5629808016461342,0.022052255952113284,-0.22124647981112405,0.1019872372323162,-0.2326100719219053,-0.023639868905905897,0.32448467829302374,0.4587406809892776,0.32607116371227324,0.19878739922825459,-0.22351275477837096,-0.025926418883452734,0.14889040000935005,-0.3134616729912529,-0.14992439725047801,0.13864841193831673,0.4846419290307615
"NumRotatableBonds",-0.06625149529154492,-0.05049992110740806,0.0988330529275683,-0.14345452535653244,0.6560858002261364,0.8128186325838197,0.7589444677586493,0.4183319488679084,0.31391184195581795,0.3684752972801231,0.2547952840422606,0.09066125445922572,-0.05574480025511977,-0.13847208078399764,0.37561611102865444,0.2663156775839801,0.08774747832138682,-0.046777260286039735,-0.1306759056712939,-0.04253939775798221,0.28863694596891293,0.3740286884888881,0.3414689010933939,0.19621115835056088,0.2939011018521177,0.28002738784490655,0.19374757202228607,0.28981787422470756,1.0,0.4410726677401323,0.2545724715467471,0.35000553996122014,0.24695145637694169,0.18690676531215533,0.04264785739447924,-0.015413419342804307,0.049063394999106065,0.007592974666632363,0.04024967524578151,0.08266061750654931,0.09990850046004353,-0.012019103801715409,-0.03896149895073059,0.08082264478594511,0.03577512904093806,0.2312124682050069,0.3201724371947053,-0.04618949854790402,0.06634989707075611,-0.02244308317403152,0.08377388504575296,0.2767584403772702,0.01654580323762287,-0.10322007163631375,0.018753573594545863,0.1517098167915584,0.18558569177001427,0.11277921115964618,-0.06270447867533677,0.03311437540678628,0.15713601374498584,0.018503691510186958,-0.024212522120659524,0.018823917808592106,0.2078355630920484
"NumValenceElectrons",-0.49646049685272486,0.6746848716703556,0.6226306999037229,-0.5728560684650591,0.9013582654473942,0.660861331203774,0.2778486714032041,0.9790299148786286,0.9490412981097552,0.9552121052958418,0.8989344323126736,0.7952673139595929,0.7036081728574195,0.6125536985986739,0.9149710553696784,0.7858812313758117,0.5896441777919142,0.4967525711814187,0.4253606947790479,0.20567033611476637,0.8687058661708326,0.9007867271423917,0.8627770395403765,0.11084617342668783,0.3713980591350644,0.32470703919184535,0.10030950578065208,0.2736874127526887,0.4410726677401323,1.0,0.24665708256158636,0.9524757621917648,0.20475927048686582,0.2118756816255326,0.11101318461225372,-3.229521802663155E-4,-0.055361060872516264,0.22824006808303038,0.3172202384939003,0.2405558599753062,0.21044900582581172,0.14511057897703242,0.08526738614261044,0.10730923495257924,0.16618163748181156,0.11898322721587261,0.21740309664850693,-0.022260040410192812,0.16635334635177218,0.07157354652795456,0.19221326181510373,0.18858062584211063,0.44433552882378796,0.11567709086620939,-0.03057207485799351,0.09730443089437292,0.2406249169077355,0.25360204346201737,0.2504043452450141,0.11907778653729113,0.19109672158954705,0.2447160305730273,0.0952870228720591,-0.0718051119373906,0.2009552598246015
"TPSA",0.10467565284618187,0.2378518766767578,0.053861145925797056,-0.4608106824861765,0.2377481427011973,0.10391015828237982,0.08440443417688388,0.3028201800559147,0.19666701660706767,0.07646708248205446,-0.04503569673176382,-0.10362345874064116,-0.14778156668380135,-0.17982993745605377,0.0026208688181761012,-0.11125376646158196,-0.18158220179659543,-0.22836914830689742,-0.24940252468864815,-0.5440667500374557,-0.039853149365320216,0.19600462954256104,0.23149848748016122,0.44174290153412443,0.9095768653221354,0.7346039814831171,0.4350271983674499,0.7982917346726199,0.2545724715467471,0.24665708256158636,1.0,0.10888736693869748,0.3729746207097176,0.3969738226072652,0.2749008549987533,0.08274356175555145,-0.0243948327441539,-0.3431565316799045,-0.27053597617737657,-0.09158412897422048,0.08113410344906855,0.15229468362207813,0.12443398525205583,0.25546243210241726,0.31024973172559833,0.25597559285968235,0.2961691320022422,0.1517222885529692,0.4454972640335913,0.10015227004636852,-0.1751780118463881,-0.038358994500122284,-0.1263943421741202,0.0521879978653287,0.07651210935679213,0.4374531651292674,0.4073046789384032,0.20664434108225246,-0.25193243032957324,-0.08901616429622952,0.12891564163191746,-0.2677506069406935,-0.18913206089916404,0.06586063204361019,0.48342111785546615
"LabuteASA",-0.5639520447059404,0.7530271257490618,0.6679913485881045,-0.5809571142748473,0.836724537329626,0.6370567281272915,0.21101664634315492,0.9495035632055161,0.9687252616990617,0.9338997970307662,0.8951998885083923,0.7689640757415691,0.6971044625742504,0.6106618659456917,0.9544793167123417,0.8408117388325361,0.6327916455229259,0.5598505231884171,0.489932092880536,0.3680781254861306,0.9570565951183639,0.9402348871185706,0.9135330757195492,0.028932550631545612,0.22443454380028088,0.22081597717142454,0.022480478258501947,0.159462954347538,0.35000553996122014,0.9524757621917648,0.10888736693869748,1.0,0.07543060721173993,0.15463960065881757,0.07213672806327055,-1.6255559138515677E-4,0.041955731919849165,0.35361331389700235,0.3761717748801609,0.25361758241197085,0.16921317676645048,0.12947303031143187,0.0777359496142634,0.07008779021175625,0.12547804091005316,-0.007983662133810526,0.016557351304470343,0.02534335656098391,0.15298089475242255,0.03304176174844192,0.10116352959884628,0.1068567420898234,0.5702077098832611,0.17578528621027448,0.10879161127843366,-0.06764096767814469,0.14181802454548623,0.22208768322840752,0.2833196985657176,0.11450017717004383,0.22428205433762882,0.36981607647591924,0.17217374769985738,-0.031143430331485488,0.03018950833730531
"PEOE_VSA1",-0.017241774918488918,-0.06950789295157138,0.03677634941907423,-0.06243651153904197,0.2063310456499859,0.17245286760222017,0.14845119493511724,0.1599832234128472,0.10395952412182086,0.1278203008193593,0.10089468637411639,0.08493336131166097,0.06655705865446904,0.04846708687521872,0.0521431549586338,-0.02488135344885244,-0.07305426762352063,-0.09264129375883169,-0.10041683064376676,-0.39503757516718907,-0.025312298697088162,0.08614174933851944,0.06829273964962658,0.3114015051459068,0.33791198863281796,0.22899823014900877,0.3085412212870266,0.22490857471333647,0.24695145637694169,0.20475927048686582,0.3729746207097176,0.07543060721173993,1.0,-0.21591930677198862,-0.13837464134623356,-0.17794170765302506,-0.16381347301531346,-0.24372738206351713,-0.09031966855034877,0.026262019627421543,0.18817076141315947,0.19600939177890933,0.11705618004772846,0.05087116283112329,-0.05489230287318009,0.12772547086105143,0.5119913564073982,-0.07282849858955187,-0.0968908731809023,-0.030059377591355633,-0.028292843155147795,0.3504083409413021,-0.1607507249771688,0.040108831855537604,-0.10932688950476983,0.24403545140130706,0.20685077684681702,0.18800682943964656,-0.03458005080037813,-0.06749220594069831,-0.026575365810070688,-0.17425882488654554,-0.15079764718560584,0.2321064909122123,0.2025688235398758
"PEOE_VSA2",-0.032226831652222336,0.1606329495865288,0.06828053501842556,-0.2960668138695228,0.20521265931808638,0.12595075921859883,0.06667853627689188,0.24831009453624744,0.18944893518416536,0.13698407926764394,0.08278455079237924,0.04676996513564751,0.01908757898097088,-0.01016650274069949,0.09198047525230485,0.00283247389684073,-0.05144543418907756,-0.07216490577458941,-0.0915356116579844,-0.2357206709702793,0.11069724472661148,0.17906074556330395,0.19108411764220884,0.24129266298327467,0.42543571695498344,0.31076231838083795,0.23529216958652166,0.35139231790544123,0.18690676531215533,0.2118756816255326,0.3969738226072652,0.15463960065881757,-0.21591930677198862,1.0,-0.08892604478465639,-0.09044707349902477,-0.0666686505326706,-0.14540367195052253,-0.10922911855218166,0.11746764295615031,0.012605604164713685,-0.08198039983054388,-0.0012158859166767311,0.13044851322611678,0.43194122197937,0.13865701667047864,0.06349588921984564,-0.06064446456339876,0.25400137462068256,0.08174112750904933,-0.06369686194343646,-0.07069639800570326,0.05960360504314404,-0.15145807045197893,0.12548248002884058,0.17787027359928786,0.35305993895969423,0.09013465860946684,-0.11566343471077299,0.018891324206785576,0.13547986022727768,-0.11656809048312815,-0.13908699408983283,-0.1393532503610347,0.39699717836987386
"PEOE_VSA3",0.012217406184358466,0.20402879447649208,0.05582072774838984,-0.17864119177635762,0.07456709259133183,-0.007739523901059686,-0.0047515670323938644,0.12761893837997806,0.10445262184823718,0.04892548865914536,-0.011861683243094662,-0.05122487996643125,-0.0834227636231487,-0.09368222388176767,0.054971196559857514,0.04802656943691462,0.017507348819530245,-0.024954157120534615,-0.03374762736503537,-0.07452276797724756,0.029644871127030303,0.13468112964269838,0.15479852314701614,0.06351652354124133,0.33015913841934136,0.34174576143969665,0.05646393957534303,0.3553771461328536,0.04264785739447924,0.11101318461225372,0.2749008549987533,0.07213672806327055,-0.13837464134623356,-0.08892604478465639,1.0,-0.06161782488636946,-0.02504967491554164,-0.14930182663975416,-0.10555476505247498,-0.05738674144811473,0.036726258534645756,0.07018893499847013,0.10157214282074913,0.09758011040170325,0.04014830671489936,0.21881349511272682,0.03074723763871315,-0.06809003221969002,0.3235246271362858,-0.027401508873307893,-0.10284811446056884,-0.011337923077267454,-0.0197751096087163,-0.04315823294409453,0.10476427381581538,0.18425078552126062,0.019570094460135443,0.03728526517481573,-0.06265323051084282,-0.012719729851922388,0.09673140631829497,-0.053539774323281275,0.0018336263997824488,-0.07334727648215035,0.10450759704256651
"PEOE_VSA4",0.14591463598887447,0.03122332197341491,-0.03945915861137054,-0.03601777211161659,0.05310490118879176,0.007093642646102152,0.015032225642431767,0.035245070751843,-0.008260932739339857,-0.05377051285854067,-0.10502793950125054,-0.12041139069159093,-0.1292841130245187,-0.13510189832996103,-0.01886495981436494,-0.03782244208289435,-0.05634405056585918,-0.05450397669829169,-0.05841410712870909,0.007699501260171823,-0.04841522534178096,0.05341336919024943,0.07669648859992881,-0.028337400480393602,0.05469763185882482,0.2633221410361375,0.005022594796039765,0.24091321542151148,-0.015413419342804307,-3.229521802663155E-4,0.08274356175555145,-1.6255559138515677E-4,-0.17794170765302506,-0.09044707349902477,-0.06161782488636946,1.0,-0.05362822044759769,-0.12961372644257568,-0.10853438573104036,-0.061720041672144385,-0.009383764779089067,0.04171061790326204,-0.022611579989625426,0.046743280605320084,0.02117617205360411,0.10238781642836374,-0.0338096222683499,0.3251954825972519,0.13126004385400802,0.053766919194445185,-0.03263370389930587,-0.03660482518173212,-0.10597503482943246,0.13639592454523158,0.05328665547295303,0.0921815776062179,-0.0355832704084528,-0.02300951052603898,-0.052443868550809666,-0.025949201446083908,0.02025589995763641,-0.026689080945453542,0.038412380488669906,0.0013181348810306843,0.06301861748851288
"PEOE_VSA5",-0.09981464203870041,0.025803283119642015,-0.04958830646696113,0.1185027149507994,-0.04838039349895923,0.011326415545231016,-0.01147532959702516,-0.06520803018497955,-0.021959029464643384,-0.09104614039824242,-0.1037330177601978,-0.14759859064939806,-0.14763115717881906,-0.14323031804938016,0.07425794229808111,0.1623267540420608,0.1732051817816653,0.20451761525199436,0.20249251258793685,0.09556432888158156,0.05294460149854976,0.10455731202925422,0.12966229060824347,-0.08384502110772896,-0.011323595083906162,0.21175740910361798,-0.07050164698580452,0.18108797686353276,0.049063394999106065,-0.055361060872516264,-0.0243948327441539,0.041955731919849165,-0.16381347301531346,-0.0666686505326706,-0.02504967491554164,-0.05362822044759769,1.0,-0.09235212538712542,-0.09447295442112548,-0.04892136072834274,-0.05215705089470335,-0.036359680206770745,0.01330245224854978,0.08958402347234395,-0.015353360889915284,-0.10472232918636368,-0.19991923027429456,-0.013180353765999485,0.18580188229635963,-0.041694547932880265,-0.0698865534594969,-0.024174931079974236,-0.09036981660771505,0.02262288662265702,0.38017309284396944,-0.1413350387771514,-0.08871453244936896,-0.020327614795067287,0.012615137963893651,0.11246271561720043,0.07570756886437911,0.01757272946677512,0.09566797045585387,-0.03136748874115943,-0.14303426930541818
"PEOE_VSA6",-0.23095029957590746,0.2725737647996135,0.30136947086194876,-0.16949340342003896,0.2041181134556427,0.22804464921439066,0.06427371465756672,0.25138273737666256,0.3229456980552104,0.2946897824157721,0.34554522825897604,0.2934973384569613,0.2864778348200893,0.2560135589551732,0.3163423970322866,0.32038159435484,0.25279994080963936,0.23436220884384198,0.2018847417363932,0.4703262958382638,0.4340372632854613,0.25606641856925294,0.24237613128758315,-0.12557513659703087,-0.374117697433378,-0.37846321034789665,-0.1262914712229722,-0.4080719737330023,0.007592974666632363,0.22824006808303038,-0.3431565316799045,0.35361331389700235,-0.24372738206351713,-0.14540367195052253,-0.14930182663975416,-0.12961372644257568,-0.09235212538712542,1.0,0.003981483239728696,-0.08296993753606188,-0.17839963954466725,-0.12532758067366284,-0.09132047217413793,-0.09016499460424794,-0.10093820686620192,-0.15127394123069196,-0.25237554179284144,-0.04967195857177054,-0.17733672197447398,6.206923618690485E-5,-0.033149632639068484,-0.20563843297718776,0.5701787062217363,0.05261867105623421,-0.028578739111776486,-0.18117568025404768,-0.12904453514866862,-0.08923694589450079,0.0965732497780537,-0.07810483508788303,-0.0730014439618405,0.511555959131626,0.2024064562708168,-0.03562991987688325,-0.20172396084657415
"PEOE_VSA7",-0.28741915646016736,0.22505225762076173,0.2521347727365312,-0.08168679108655828,0.25936626854396044,0.19522463008884172,0.060067114780526606,0.2932601029387839,0.32735073993657876,0.40459794254661124,0.44359938073506966,0.45262072296115025,0.42540887630955765,0.41475161566437485,0.4178770676932655,0.3991635880067643,0.36259721249566723,0.3255845298038666,0.3137840085229436,0.4664975507074036,0.4318898528365593,0.30218067054176867,0.26735166363825774,-0.09885956516975368,-0.2504453102250119,-0.21652332115108602,-0.10333307335363655,-0.3052729006867282,0.04024967524578151,0.3172202384939003,-0.27053597617737657,0.3761717748801609,-0.09031966855034877,-0.10922911855218166,-0.10555476505247498,-0.10853438573104036,-0.09447295442112548,0.003981483239728696,1.0,-0.01164928352238095,-0.08154058971083118,-0.0727847351733416,-0.1064394459437836,-0.13111041456613493,-0.07785006177538702,-0.1542777477282717,-0.16745652897802513,-0.04535267548746215,-0.1095855310673681,0.06664149574647149,0.39758494871031425,-0.1600215255072717,0.2409750301925429,0.04232397238388057,-0.04234268381363502,-0.23570364485449738,-0.11511986394282454,-0.0012176924881506339,0.2900743171246603,0.13580945172074094,0.0850866852139811,0.1742537546645674,0.1625424268557651,-0.039649491376045835,-0.19697796564888903
"PEOE_VSA8",-0.18007622682672758,0.15612847923204942,0.1598994980812778,-0.1018034282781588,0.20329916897885275,0.17111166213854104,0.050526495354966984,0.22362614198406755,0.2384598060793038,0.2835360036078255,0.2813936024046094,0.25829076800362766,0.24624066296604424,0.2238961277366154,0.2760502986181504,0.25291526706477147,0.19703534194593206,0.18989547986081867,0.17291199428370885,0.11071362718504359,0.28472714165012114,0.20332770932929076,0.18081366480505012,-0.09868084698605938,-0.0028938575528326765,-0.014545804508006745,-0.10434895225708082,-0.06106356997012896,0.08266061750654931,0.2405558599753062,-0.09158412897422048,0.25361758241197085,0.026262019627421543,0.11746764295615031,-0.05738674144811473,-0.061720041672144385,-0.04892136072834274,-0.08296993753606188,-0.01164928352238095,1.0,-0.1748959708777716,-0.15967382958025697,-0.04553986264183433,-0.006574739485508299,0.008920433669609462,-0.12397278771834602,-0.13470143735782328,-0.061853742071135046,0.09370470397699762,0.008910572480068782,0.07407923111533986,0.1474440949114828,0.12689824477196723,-0.019020936231216937,-0.007991742257991938,-0.1393162916638624,-0.029968527822795805,0.059058964335590484,0.17960348625705347,0.07652493825466063,0.1098545871522469,0.08194438709460473,0.08050062968345971,-0.16203243943808984,-0.019593967489832137
"PEOE_VSA9",-0.08707337463634449,0.08491294718406062,0.11165199919488668,-0.041749952347631784,0.19188858737618952,0.15702162380751014,0.06433404783503502,0.17981867921782774,0.1743177573423855,0.20536234112609777,0.19593500658164856,0.18268794142223205,0.18673027144795315,0.16989222850820523,0.18633365219508533,0.16733047334261628,0.1292862386554286,0.13313514187742798,0.12551162894722712,-0.1524184745684592,0.1355143119163529,0.16419521914491852,0.14580730365888497,0.023542839569155916,0.1517621373892979,0.05767885236975987,0.013594713916571183,0.0995994850985101,0.09990850046004353,0.21044900582581172,0.08113410344906855,0.16921317676645048,0.18817076141315947,0.012605604164713685,0.036726258534645756,-0.009383764779089067,-0.05215705089470335,-0.17839963954466725,-0.08154058971083118,-0.1748959708777716,1.0,-0.023665155527628025,-0.07167485948722695,-0.09805504846095314,-0.019204838088454874,-0.007247505565545117,0.16315155745137447,0.0732988069135074,-0.022936877491037247,0.018636259738972275,-0.04861102184774287,0.357776345312228,-0.04462231334142039,0.02945785634597708,-0.026302673319964623,0.010683992132256863,0.041044076066727456,0.11885166918280737,0.134101912487701,0.06037789938058293,0.03187109621225823,-0.04945632025100546,-0.02547360433744154,0.023030038368139716,0.026631694546453866
"PEOE_VSA10",-0.07990533419308726,0.14339995311437806,0.1122769250362817,-0.13704678497108375,0.10158909085257828,0.05596080137526295,-0.03844103342592615,0.14737805772397125,0.15573805761924162,0.13148046617177,0.11838520146936006,0.1029803165555734,0.10203498145651767,0.08920430458894092,0.10009641346336638,0.05443322675740094,0.014308867302233007,0.017133024748096002,0.014793318054518523,-0.13395839572196938,0.06735052992746177,0.12221491293409276,0.1221797109624846,0.06181824605653682,0.17003439538247095,0.10240871656771941,0.0520760707088834,0.12227499860547025,-0.012019103801715409,0.14511057897703242,0.15229468362207813,0.12947303031143187,0.19600939177890933,-0.08198039983054388,0.07018893499847013,0.04171061790326204,-0.036359680206770745,-0.12532758067366284,-0.0727847351733416,-0.15967382958025697,-0.023665155527628025,1.0,-0.043513171532145865,-0.09226470933283325,-0.03411186473170692,-0.04044500417348688,0.14419138871096024,0.2347847976315445,0.02796236763535329,-0.08597293033584522,-0.08319208066913396,0.14454927314070065,0.03404853968159903,0.20284099881243056,-0.11317702103539919,0.0055784688474683234,0.056656700191446314,0.11000536471009033,0.01915954750212725,0.05648563447869416,0.054747709594508864,-0.047190017697581736,-0.04630587567759115,0.16704017320435857,-0.043625871896924295
"PEOE_VSA11",-0.033893788183205,0.12194870352461643,0.06686716271903799,-0.08865769669278904,0.038400596324761026,-0.03608194347141836,-0.08054601803057977,0.08881190031475605,0.08780632674147312,0.049997579846349456,0.02684857245145824,0.020089860395869512,0.01760416154877455,0.009978819581528355,0.05981061039496859,0.04170098365742648,0.03657591212089959,0.030826579115400165,0.02780156887729951,-0.049357023850418666,0.03088371877703123,0.10640719105723773,0.11806625018398167,0.00738757104038218,0.15759430654518647,0.14786129484331037,0.008381859373605027,0.1696718853644288,-0.03896149895073059,0.08526738614261044,0.12443398525205583,0.0777359496142634,0.11705618004772846,-0.0012158859166767311,0.10157214282074913,-0.022611579989625426,0.01330245224854978,-0.09132047217413793,-0.1064394459437836,-0.04553986264183433,-0.07167485948722695,-0.043513171532145865,1.0,-0.045465192654177485,-0.03725983140149798,-0.03947504805821077,0.15246192218748797,0.02876087513712002,0.04225593336160472,-0.016011901820348146,-0.08752296199175555,0.036203658181074974,-0.02768911828680208,0.1366058895278909,0.06044246952942929,0.05846700823594162,0.12116006385456954,0.1296687685545969,-0.05590834306637426,-0.05571197589731261,0.04390381694059458,-0.03526411601702399,-0.06191982737822584,0.1619143000344636,0.006844524846146698
"PEOE_VSA12",-0.0493444048415781,0.0660994668712223,0.03075997154427471,-0.10513426523574466,0.08036612113867779,0.023689118404666185,0.021253627422706114,0.10499753811137436,0.08328389453908243,0.05136762218873531,0.0177980806889921,-2.4458321627937824E-4,-0.02359333718662528,-0.025767261244867015,0.05482278647038188,0.04616026115205483,0.026197458368804258,-0.007988571514755372,-0.01478755850279161,-0.1267198591365232,0.012497107122603669,0.11213008999011727,0.1214886502754382,0.09750177450136041,0.2893875387769748,0.26947097891615,0.10333962682552149,0.2921014158099139,0.08082264478594511,0.10730923495257924,0.25546243210241726,0.07008779021175625,0.05087116283112329,0.13044851322611678,0.09758011040170325,0.046743280605320084,0.08958402347234395,-0.09016499460424794,-0.13111041456613493,-0.006574739485508299,-0.09805504846095314,-0.09226470933283325,-0.045465192654177485,1.0,-0.10211904895100367,-0.05254247849348542,0.11300029854670561,-0.028524835468435115,0.1762908630574943,0.011517628688097777,-0.01172507141750996,0.07310110654921088,-0.12033397672291822,0.033378305426956814,0.09069326167863132,0.06725996914284776,0.22024595901936092,0.1189617873404971,-0.09042637563998959,-0.017545932752616736,0.00935232029059616,-0.06470391996059009,-0.028121447506146875,0.015287503971803233,0.10383109217183774
"PEOE_VSA13",-0.03796469016976532,0.21592607960600962,0.0922731650634946,-0.24680430280348242,0.12005466640079253,0.016432182367474353,-0.039186285103128195,0.1939140901375039,0.1626056895289513,0.09324299853798226,0.05453445679816867,0.02237111401804584,0.012609630778578164,-0.011979220175448125,0.07181080715289428,0.030008915962144393,-0.008642575323239327,-0.019294890945257964,-0.038840385464473916,-0.1715029996336527,0.0749597495514811,0.16772615596447354,0.18635896488194853,0.14086180744795876,0.3449966267606413,0.27450177105834095,0.131029029195461,0.317714245648485,0.03577512904093806,0.16618163748181156,0.31024973172559833,0.12547804091005316,-0.05489230287318009,0.43194122197937,0.04014830671489936,0.02117617205360411,-0.015353360889915284,-0.10093820686620192,-0.07785006177538702,0.008920433669609462,-0.019204838088454874,-0.03411186473170692,-0.03725983140149798,-0.10211904895100367,1.0,-0.043328054501847776,0.07978347168457993,-0.05827544584597845,0.1982155783550919,-0.024874060469190547,-0.10745239415442319,-0.04121416135053201,0.09333741295092572,-0.05837323846788197,0.06192982856546155,0.16571765446366976,0.20921649804626355,0.09512800781280048,-0.10554354176263385,0.03908387529074773,0.11726517262408759,-0.09690693955452868,-0.10764280332024544,-0.07900560036145811,0.28355117658810497
"PEOE_VSA14",0.1745438611467013,-0.03873943190373845,-0.058301076317180754,-0.10108874340925866,0.17758637636798505,0.0852497832123806,0.12569383467349424,0.12934561043070522,0.023827069197002025,0.01474077001461771,-0.061786662554998685,-0.08283577160072603,-0.11912887674926699,-0.13128695667770324,-0.03396826602183754,-0.12518304623589996,-0.14631212923396755,-0.17361182658504715,-0.17954855633761016,-0.16743358219422727,-0.11779824772359025,0.0769074677644991,0.08836407843929715,0.05988788754552462,0.30088319223515775,0.3153551114203676,0.05504865832269171,0.3519041272413513,0.2312124682050069,0.11898322721587261,0.25597559285968235,-0.007983662133810526,0.12772547086105143,0.13865701667047864,0.21881349511272682,0.10238781642836374,-0.10472232918636368,-0.15127394123069196,-0.1542777477282717,-0.12397278771834602,-0.007247505565545117,-0.04044500417348688,-0.03947504805821077,-0.05254247849348542,-0.043328054501847776,1.0,0.4300397432744227,-0.0597651583185642,0.013918790664650895,-0.0038789271884509284,4.849066954602764E-4,0.040719491915644036,-0.14038564069736406,-0.07934196041992862,-0.012574657529967035,0.4446280162592723,0.1816653616193804,0.013169088269471262,-0.17363623044874446,-0.021839546294304624,0.023021627557053732,-0.19717633135999327,-0.17552200657090872,0.031985297892815276,0.4048690441788878
"SMR_VSA1",0.12705159504835392,-0.16045964658936596,-0.049748444293465865,0.04510864469210044,0.3059060877409218,0.16650891261513473,0.23479669796326624,0.18473824818558499,0.04354400284875606,0.07247900928454641,0.018685906133242784,0.0389421142682836,0.0014547181035783922,-0.01794067041787309,0.005305573540490247,-0.023863232252692525,-0.011339521250795848,-0.06016231734129923,-0.07742379080820189,-0.34791104935759903,-0.1922231492322695,0.11944448387706542,0.11321299599954032,0.11105768068330188,0.2655066105817911,0.2475625174230624,0.100037101524557,0.3047831281885362,0.3201724371947053,0.21740309664850693,0.2961691320022422,0.016557351304470343,0.5119913564073982,0.06349588921984564,0.03074723763871315,-0.0338096222683499,-0.19991923027429456,-0.25237554179284144,-0.16745652897802513,-0.13470143735782328,0.16315155745137447,0.14419138871096024,0.15246192218748797,0.11300029854670561,0.07978347168457993,0.4300397432744227,1.0,-0.13019874528895944,-0.30941062512265527,-0.043042118261557065,0.047034783916432905,0.21873582022620297,-0.23014372024892782,-0.06592974215335186,-0.1416470780721498,0.6174632879748914,0.3621145039492536,0.15646357796775984,-0.1822949239858254,-0.01985485874286201,0.036346896026371395,-0.3258842623161512,-0.3843429783098663,0.07234160171349287,0.6055061000831358
"SMR_VSA2",0.1624898416913065,0.055992441739387645,-0.011349174598168687,-0.1323397294561995,0.06035301344782619,0.06103927524301764,-6.034251065456371E-4,0.05574745435865432,0.024716488527544444,0.0032754219838229456,-0.03128342889984587,-0.0392943592937903,-0.02268449612769021,-0.02739329370256146,-0.0027349269342548574,-0.040449147650190094,-0.047816425526039,-0.028079905288080506,-0.029928199197230665,0.03562648591625849,-0.006177778525822123,-0.004622355476154949,0.0076114390944279344,-0.03149546781689137,0.012796166065358092,0.006480744559523899,-0.039268459475487814,0.0055923688040920684,-0.04618949854790402,-0.022260040410192812,0.1517222885529692,0.02534335656098391,-0.07282849858955187,-0.06064446456339876,-0.06809003221969002,0.3251954825972519,-0.013180353765999485,-0.04967195857177054,-0.04535267548746215,-0.061853742071135046,0.0732988069135074,0.2347847976315445,0.02876087513712002,-0.028524835468435115,-0.05827544584597845,-0.0597651583185642,-0.13019874528895944,1.0,-0.1121222530510705,0.03500646785445695,-0.023351044262664523,-0.0403421567434237,-0.030996621357178074,0.351815008107216,-0.07437290370753444,0.0014686632204493517,0.038270044280355665,0.02881761582874635,-0.03998049646386927,-0.027428291898808195,0.03963726291075654,0.018979506609510664,-0.09680838311926762,0.23000612623970362,-0.07472176675716004
"SMR_VSA3",-0.17996758127282,0.33864735341717295,0.18199401677600624,-0.3874760894167167,0.01918434909384084,-0.025499029938615154,-0.11717927692368733,0.1793624734650771,0.22167058543144286,0.1100804878472032,0.05692546663938443,-0.019842313390610766,-0.04371215204409113,-0.06661705401640114,0.08349834681089294,-0.011906417397513405,-0.11061429990460953,-0.12275652248999049,-0.13642541052276141,-0.2530609479747614,0.10391568674176216,0.17371635499690438,0.20178855837849138,0.1613571056119326,0.6151640433420134,0.6235414116313819,0.1741130254441328,0.5629808016461342,0.06634989707075611,0.16635334635177218,0.4454972640335913,0.15298089475242255,-0.0968908731809023,0.25400137462068256,0.3235246271362858,0.13126004385400802,0.18580188229635963,-0.17733672197447398,-0.1095855310673681,0.09370470397699762,-0.022936877491037247,0.02796236763535329,0.04225593336160472,0.1762908630574943,0.1982155783550919,0.013918790664650895,-0.30941062512265527,-0.1121222530510705,1.0,-0.08853834092383507,-0.1283318547620745,-0.09826970381933084,-5.543578751373415E-4,0.07247667447861093,0.04229066627409838,-0.09961756627030294,0.012985233152597161,0.09612038934377888,5.338262680206666E-4,-0.05041382895080686,0.09510772673231431,0.013287070549631597,0.24288711534773624,-0.13812356296783707,-0.05781713419233705
"SMR_VSA4",2.213335837673484E-4,-0.06435135880103736,-0.02033374827071595,0.046099710169835,0.06854882686653224,-0.01229244399686762,-0.007467021715176419,0.05610304812271395,0.014798524667886838,0.09378726609415843,0.09254623111547318,0.19899391503885439,0.21622249626496573,0.23304573277869076,0.06652517681908789,0.03595644169597151,0.11190770008858447,0.11980488706099424,0.13476561454712083,-0.061123578739726805,0.037786177075795964,0.009705832270417101,-0.012323812116316946,0.08909805871448266,0.0700854473680699,-0.010032540285972178,0.09385082232630763,0.022052255952113284,-0.02244308317403152,0.07157354652795456,0.10015227004636852,0.03304176174844192,-0.030059377591355633,0.08174112750904933,-0.027401508873307893,0.053766919194445185,-0.041694547932880265,6.206923618690485E-5,0.06664149574647149,0.008910572480068782,0.018636259738972275,-0.08597293033584522,-0.016011901820348146,0.011517628688097777,-0.024874060469190547,-0.0038789271884509284,-0.043042118261557065,0.03500646785445695,-0.08853834092383507,1.0,0.1599044917240774,-0.09141049575004287,-0.1798295703496152,-0.13268455681125305,0.006887753309074599,0.028582401579754935,0.08787175109041888,0.012417349203182122,0.02320332903999911,0.004073572383701606,-0.05356718786528261,-0.05197497412037084,0.04872731465109159,0.03511105704872094,-0.009851800594101004
"SMR_VSA5",-0.02329800813192491,-0.21927587697638987,-0.04944717645612926,0.3376816091281034,0.2399907041341071,0.12313586054883403,0.15391538609710795,0.09952096724708677,0.02498802526773833,0.29049991416206355,0.3386501257210062,0.49092322641226516,0.41974091078740355,0.4319830429444183,0.26488750184712256,0.2877637065797937,0.4068868315901409,0.34040758513415825,0.35035428223767023,0.1242185569385633,0.10378568058821262,0.045283453345770254,-0.029897413587483653,-0.033025112301350856,-0.1725042183617899,-0.18952884875044995,-0.03042437807834151,-0.22124647981112405,0.08377388504575296,0.19221326181510373,-0.1751780118463881,0.10116352959884628,-0.028292843155147795,-0.06369686194343646,-0.10284811446056884,-0.03263370389930587,-0.0698865534594969,-0.033149632639068484,0.39758494871031425,0.07407923111533986,-0.04861102184774287,-0.08319208066913396,-0.08752296199175555,-0.01172507141750996,-0.10745239415442319,4.849066954602764E-4,0.047034783916432905,-0.023351044262664523,-0.1283318547620745,0.1599044917240774,1.0,-0.0632802182220025,-0.354281191068732,-0.1818410940193278,-0.2203213608702901,-0.019367182080570377,0.06577659400158821,0.01346069942952948,0.28832878513814525,0.22589929229645683,-0.21677371448871122,-0.14691212188129843,0.1020832787733136,-0.09102202476191998,-0.012996759281324825
"SMR_VSA6",-0.1263118821911465,-0.23178656455454594,-0.00650613663511398,0.21747385442808873,0.23915201998697372,0.33441847392901075,0.28255816803535716,0.08262406157400443,0.07140211788810041,0.19218593008291815,0.19116172215646268,0.15745136213192848,0.1404517969179625,0.11517094542823542,0.19967064682736854,0.22660653071395015,0.17516350398497368,0.15733657774948565,0.13023882984638588,-0.2884002350280875,0.10528763698242896,0.11101239674001274,0.05930074582652253,0.16368460149240244,0.12594979682960428,0.03142392276197266,0.15168174532897932,0.1019872372323162,0.2767584403772702,0.18858062584211063,-0.038358994500122284,0.1068567420898234,0.3504083409413021,-0.07069639800570326,-0.011337923077267454,-0.03660482518173212,-0.024174931079974236,-0.20563843297718776,-0.1600215255072717,0.1474440949114828,0.357776345312228,0.14454927314070065,0.036203658181074974,0.07310110654921088,-0.04121416135053201,0.040719491915644036,0.21873582022620297,-0.0403421567434237,-0.09826970381933084,-0.09141049575004287,-0.0632802182220025,1.0,-0.30797256846269444,-0.10505248573843547,-0.023687013567249966,-0.0694261004683721,0.00244718061693764,0.12873525750367693,0.20411938031685323,0.11852510718103287,-0.08496103190616891,-0.10742691815766393,0.045307448022494715,0.09195972019106952,-0.10692596752207549
"SMR_VSA7",-0.4262144614801985,0.687904520055256,0.5255158900667914,-0.6526520943034961,0.29068934840043126,0.24799192573522527,-0.07137023761925032,0.5196458299709313,0.629483530321876,0.46977046022437274,0.47971295898344124,0.3297272816348432,0.33485124639467534,0.2782780403962712,0.41731591217054365,0.3475219861093553,0.13864971985014907,0.14422265273309506,0.1081545714878936,0.45705560662179,0.6153725757127824,0.45123866500182674,0.46498783532795984,-0.12639683885432515,-0.11325771471462169,-0.1414441915876419,-0.134828830379009,-0.2326100719219053,0.01654580323762287,0.44433552882378796,-0.1263943421741202,0.5702077098832611,-0.1607507249771688,0.05960360504314404,-0.0197751096087163,-0.10597503482943246,-0.09036981660771505,0.5701787062217363,0.2409750301925429,0.12689824477196723,-0.04462231334142039,0.03404853968159903,-0.02768911828680208,-0.12033397672291822,0.09333741295092572,-0.14038564069736406,-0.23014372024892782,-0.030996621357178074,-5.543578751373415E-4,-0.1798295703496152,-0.354281191068732,-0.30797256846269444,1.0,0.16217785848776692,-0.14503452330451308,-0.1608789377141706,-0.07442793179552594,-0.00797541569722207,0.04291587142926758,-0.05135594631860055,0.2600305096889675,0.5391365976299951,0.10856621111359285,-0.17362202679308028,-0.06135634928590049
"SMR_VSA9",-0.029088543066845135,0.29722798638864656,0.2155837959897554,-0.329546340108381,0.054085600768504945,0.031184310284592728,-0.0974246402526364,0.1731651912097181,0.2186829863310086,0.13472828193132813,0.10687243681729516,0.038559518484057635,0.052869351774627246,0.036593429891041585,0.10089898499883379,0.03505625848345343,-0.055281258243771614,-0.037694974276538104,-0.04346201456524999,0.1851696110410683,0.15200141170658749,0.12561508913208197,0.14519463307668978,-0.12354955574066868,0.03320745133703744,0.047334040448082905,-0.1251473816504839,-0.023639868905905897,-0.10322007163631375,0.11567709086620939,0.0521879978653287,0.17578528621027448,0.040108831855537604,-0.15145807045197893,-0.04315823294409453,0.13639592454523158,0.02262288662265702,0.05261867105623421,0.04232397238388057,-0.019020936231216937,0.02945785634597708,0.20284099881243056,0.1366058895278909,0.033378305426956814,-0.05837323846788197,-0.07934196041992862,-0.06592974215335186,0.351815008107216,0.07247667447861093,-0.13268455681125305,-0.1818410940193278,-0.10505248573843547,0.16217785848776692,1.0,-0.26290721825014185,-0.1246429006406039,-0.06421457185192743,0.10441927767786927,0.01628951766842879,-0.07841762591042707,0.1106021520563941,0.17743211703670522,-0.011393791449025678,0.1685043243520997,-0.16052411084110596
"SMR_VSA10",0.05923697012752913,0.12456210670089192,-0.04363398127707842,0.12136657437669159,0.03575370456812582,0.01065617067032489,0.031066394285771758,2.1713386267806185E-4,-0.018385901294454696,-0.12975633521482707,-0.1790927334725616,-0.2224117429401288,-0.22769144681672035,-0.22258673054870992,0.1348335336153125,0.17221636505456914,0.21222257855432763,0.19996615323844133,0.18300312039582434,0.15881789562286502,0.13378969118392597,0.2739633970726563,0.3245155048425525,0.035887744271337355,0.044687630239403725,0.243087623203207,0.048619856937555654,0.32448467829302374,0.018753573594545863,-0.03057207485799351,0.07651210935679213,0.10879161127843366,-0.10932688950476983,0.12548248002884058,0.10476427381581538,0.05328665547295303,0.38017309284396944,-0.028578739111776486,-0.04234268381363502,-0.007991742257991938,-0.026302673319964623,-0.11317702103539919,0.06044246952942929,0.09069326167863132,0.06192982856546155,-0.012574657529967035,-0.1416470780721498,-0.07437290370753444,0.04229066627409838,0.006887753309074599,-0.2203213608702901,-0.023687013567249966,-0.14503452330451308,-0.26290721825014185,1.0,0.007780278582169986,0.042346997855337715,0.01832898909941388,-0.04222222094912227,0.001560448874340023,0.07892495250783772,-0.03218848650460055,-0.0022197112792391774,0.21866817643870728,0.03239634673748299
"EState_VSA1",0.33566808642714213,-0.06820708856210934,-0.13470142151620768,-5.744482708944486E-4,0.2136778501328153,-0.00388074311947348,0.11881789993508875,0.1272031004403866,-0.05120588877848575,-0.07989211814050794,-0.16384749160556542,-0.11295913192294559,-0.1470408955629979,-0.1597648473129558,-0.09845570171668018,-0.11476774662819048,-0.03419394791724808,-0.08340791802765012,-0.10231160895385479,-0.2929941196938347,-0.2344773430869631,0.08272465431410433,0.10891473233101885,0.0802568859265427,0.33953688428042084,0.36309704172472224,0.07752486476011088,0.4587406809892776,0.1517098167915584,0.09730443089437292,0.4374531651292674,-0.06764096767814469,0.24403545140130706,0.17787027359928786,0.18425078552126062,0.0921815776062179,-0.1413350387771514,-0.18117568025404768,-0.23570364485449738,-0.1393162916638624,0.010683992132256863,0.0055784688474683234,0.05846700823594162,0.06725996914284776,0.16571765446366976,0.4446280162592723,0.6174632879748914,0.0014686632204493517,-0.09961756627030294,0.028582401579754935,-0.019367182080570377,-0.0694261004683721,-0.1608789377141706,-0.1246429006406039,0.007780278582169986,1.0,0.13155309512759764,-0.08611455260549464,-0.28711302334639544,-0.043004084378917354,8.192740891850007E-4,-0.3302244188847447,-0.32052660712348435,0.007784620296833591,0.754609737229834
"EState_VSA2",0.016152789876221266,0.0746774042393009,0.032777938325187064,-0.16418976506870428,0.2614358216994786,0.11701150509719192,0.08415534210053316,0.2572111676854505,0.15644762211895616,0.14403828436919305,0.092287663483186,0.11261211766389612,0.0747871466178364,0.0588370602912006,0.103053933218118,0.03345854799038606,0.03347815207687578,-0.003248524318439378,-0.011177964518614934,-0.1988094583258582,0.026080772854714218,0.19196570434352075,0.19770695569716012,0.11541788602042323,0.3719272381001582,0.31457216604720845,0.1134319755630818,0.32607116371227324,0.18558569177001427,0.2406249169077355,0.4073046789384032,0.14181802454548623,0.20685077684681702,0.35305993895969423,0.019570094460135443,-0.0355832704084528,-0.08871453244936896,-0.12904453514866862,-0.11511986394282454,-0.029968527822795805,0.041044076066727456,0.056656700191446314,0.12116006385456954,0.22024595901936092,0.20921649804626355,0.1816653616193804,0.3621145039492536,0.038270044280355665,0.012985233152597161,0.08787175109041888,0.06577659400158821,0.00244718061693764,-0.07442793179552594,-0.06421457185192743,0.042346997855337715,0.13155309512759764,1.0,0.05600753213055803,-0.2290775101353729,-0.03729227532461514,0.03807753789157326,-0.20929715467295648,-0.2665579546839352,0.07357543537083286,0.4526810944095622
"EState_VSA3",-0.16212351159429508,0.1824642500530078,0.14513257093943135,-0.16887084802655522,0.20203724514163085,0.14013723307747827,0.024395611294618966,0.24324774102312166,0.23605903762740257,0.20845578792828884,0.19032032302138577,0.14873383262508816,0.1438827402825989,0.1240706447489961,0.19340339857670086,0.1437822352099545,0.07535935591754764,0.06636717623924814,0.053530351066395344,-0.01695934396832133,0.15469192406987078,0.23160403726805334,0.23203483520800183,0.006576677000890486,0.24559132167215803,0.22945231657767634,0.008286028264636754,0.19878739922825459,0.11277921115964618,0.25360204346201737,0.20664434108225246,0.22208768322840752,0.18800682943964656,0.09013465860946684,0.03728526517481573,-0.02300951052603898,-0.020327614795067287,-0.08923694589450079,-0.0012176924881506339,0.059058964335590484,0.11885166918280737,0.11000536471009033,0.1296687685545969,0.1189617873404971,0.09512800781280048,0.013169088269471262,0.15646357796775984,0.02881761582874635,0.09612038934377888,0.012417349203182122,0.01346069942952948,0.12873525750367693,-0.00797541569722207,0.10441927767786927,0.01832898909941388,-0.08611455260549464,0.05600753213055803,1.0,-0.23596221642647114,-0.13453689895190993,0.21109799158170256,-0.08888994350252642,-0.1737904576027031,0.1764671948788556,0.07027211699365228
"EState_VSA4",-0.3366006027998989,0.14793878061321364,0.24203886176744152,0.03062279142087875,0.13312977540906398,0.12840612336249088,-0.025376098297638254,0.1739032568531431,0.2638797212326583,0.32561947738953534,0.4264897939421425,0.41370253093323117,0.45152541032684246,0.44682222833431173,0.32686910317231094,0.397801778380083,0.3398860178176831,0.3697230820194992,0.37092248471521944,0.167841101469925,0.34081021854803234,0.20266456070618563,0.16075828911739684,-0.03175071146714039,-0.1733144097614454,-0.18076658192141593,-0.038442194835089,-0.22351275477837096,-0.06270447867533677,0.2504043452450141,-0.25193243032957324,0.2833196985657176,-0.03458005080037813,-0.11566343471077299,-0.06265323051084282,-0.052443868550809666,0.012615137963893651,0.0965732497780537,0.2900743171246603,0.17960348625705347,0.134101912487701,0.01915954750212725,-0.05590834306637426,-0.09042637563998959,-0.10554354176263385,-0.17363623044874446,-0.1822949239858254,-0.03998049646386927,5.338262680206666E-4,0.02320332903999911,0.28832878513814525,0.20411938031685323,0.04291587142926758,0.01628951766842879,-0.04222222094912227,-0.28711302334639544,-0.2290775101353729,-0.23596221642647114,1.0,-0.1129583332085214,-0.25820666791498925,0.25584977253516106,0.1312739399403944,-0.11898041012818332,-0.25030880776564446
"EState_VSA5",-0.14147432014454292,-0.012517273495604482,0.015291776597917323,0.10050659305546047,0.09786139927245856,0.10581203187633571,0.03265929655684296,0.06824200824271823,0.09040141335763817,0.12863137599440003,0.17975500923630505,0.18737358045975014,0.22335955918613176,0.2374315036268036,0.15648787882230544,0.23167701591754009,0.2304496609521095,0.2692658148152074,0.28032483928937635,0.02882473028403789,0.12184503191232482,0.10710033956933046,0.08522186210680179,-0.017479781247680307,-0.05291828959348141,-0.05566717736118587,-0.02255490161000388,-0.025926418883452734,0.03311437540678628,0.11907778653729113,-0.08901616429622952,0.11450017717004383,-0.06749220594069831,0.018891324206785576,-0.012719729851922388,-0.025949201446083908,0.11246271561720043,-0.07810483508788303,0.13580945172074094,0.07652493825466063,0.06037789938058293,0.05648563447869416,-0.05571197589731261,-0.017545932752616736,0.03908387529074773,-0.021839546294304624,-0.01985485874286201,-0.027428291898808195,-0.05041382895080686,0.004073572383701606,0.22589929229645683,0.11852510718103287,-0.05135594631860055,-0.07841762591042707,0.001560448874340023,-0.043004084378917354,-0.03729227532461514,-0.13453689895190993,-0.1129583332085214,1.0,-0.15591326876231215,-0.3147040420054204,0.1544949745384859,-0.13338082157711315,0.011057139337007226
"EState_VSA6",-0.09475190999350937,0.26826288044051616,0.12030732091716638,-0.3017949736610258,0.18721911188583376,0.16494023119252935,0.05094613950270201,0.24246448562232728,0.23756677732032955,0.1609590700853858,0.08592323493269963,4.914703177884589E-4,-0.038663159810241876,-0.07857115023667524,0.17567105874619396,0.11134858061312992,0.025716135549349657,0.001945262432257444,-0.0312583817822686,0.12234848473546593,0.1943042024675568,0.2298183702282999,0.2506063033395255,-0.08050812077726546,0.16032363783335307,0.1938230751204848,-0.08409636422587777,0.14889040000935005,0.15713601374498584,0.19109672158954705,0.12891564163191746,0.22428205433762882,-0.026575365810070688,0.13547986022727768,0.09673140631829497,0.02025589995763641,0.07570756886437911,-0.0730014439618405,0.0850866852139811,0.1098545871522469,0.03187109621225823,0.054747709594508864,0.04390381694059458,0.00935232029059616,0.11726517262408759,0.023021627557053732,0.036346896026371395,0.03963726291075654,0.09510772673231431,-0.05356718786528261,-0.21677371448871122,-0.08496103190616891,0.2600305096889675,0.1106021520563941,0.07892495250783772,8.192740891850007E-4,0.03807753789157326,0.21109799158170256,-0.25820666791498925,-0.15591326876231215,1.0,-0.15409184954222765,-0.18112213432493285,-0.01909623223262804,0.07551068835277151
"EState_VSA7",-0.2861451056230947,0.37793699611655707,0.34630155294388026,-0.3233931958980769,0.16668480564689983,0.1980696058256577,0.009985783419880824,0.2781205773770017,0.37168160634050784,0.34479303657144095,0.34397235940295634,0.2546982524899561,0.21788794422462238,0.17796003492922197,0.33632628881717413,0.29290625318829605,0.16704057857935498,0.14254980267851303,0.11463016974016035,0.3974876901240545,0.46806035148645214,0.2453443949890431,0.23374179386358915,-0.1067373608552647,-0.2183538264053375,-0.2060429572647253,-0.1093716589721447,-0.3134616729912529,0.018503691510186958,0.2447160305730273,-0.2677506069406935,0.36981607647591924,-0.17425882488654554,-0.11656809048312815,-0.053539774323281275,-0.026689080945453542,0.01757272946677512,0.511555959131626,0.1742537546645674,0.08194438709460473,-0.04945632025100546,-0.047190017697581736,-0.03526411601702399,-0.06470391996059009,-0.09690693955452868,-0.19717633135999327,-0.3258842623161512,0.018979506609510664,0.013287070549631597,-0.05197497412037084,-0.14691212188129843,-0.10742691815766393,0.5391365976299951,0.17743211703670522,-0.03218848650460055,-0.3302244188847447,-0.20929715467295648,-0.08888994350252642,0.25584977253516106,-0.3147040420054204,-0.15409184954222765,1.0,-0.05188117678237066,-0.13127922317733393,-0.33701384927915456
"EState_VSA8",-0.21134249073154424,0.11277430472761231,0.1866323228391113,-0.03764379913667796,0.020825662562768625,0.07156840765772382,9.437115284727658E-4,0.06563503879925955,0.14900709733391138,0.1958425649599261,0.22370463028524643,0.2218243533469531,0.1989415951879281,0.19692386965765385,0.21484441578892866,0.19184125541027058,0.16044290200214298,0.14136836271211078,0.14162438639134484,0.11815912644436544,0.26389592864991124,0.11237572590847095,0.08670262736465392,0.1143423702132996,-0.1018918495942095,-0.11695291720259929,0.13049010113174556,-0.14992439725047801,-0.024212522120659524,0.0952870228720591,-0.18913206089916404,0.17217374769985738,-0.15079764718560584,-0.13908699408983283,0.0018336263997824488,0.038412380488669906,0.09566797045585387,0.2024064562708168,0.1625424268557651,0.08050062968345971,-0.02547360433744154,-0.04630587567759115,-0.06191982737822584,-0.028121447506146875,-0.10764280332024544,-0.17552200657090872,-0.3843429783098663,-0.09680838311926762,0.24288711534773624,0.04872731465109159,0.1020832787733136,0.045307448022494715,0.10856621111359285,-0.011393791449025678,-0.0022197112792391774,-0.32052660712348435,-0.2665579546839352,-0.1737904576027031,0.1312739399403944,0.1544949745384859,-0.18112213432493285,-0.05188117678237066,1.0,-0.21768045526512814,-0.4505647504440965
"EState_VSA9",0.16223492423566785,-0.12934297445868312,-0.10358327113772477,0.17832045703490437,0.03140658104265771,0.04080732883157577,0.06325610165958304,-0.0637890548578891,-0.1103587548380168,-0.13377794682610902,-0.16884132335026622,-0.1714933748651064,-0.168256179099711,-0.1645437314346817,-0.03510430658343103,-0.12201531862490249,-0.08282919021615588,-0.11061437878735139,-0.1280520385404586,0.023017501300643103,-0.08190153170390264,0.02913141267864417,0.04575766245174281,0.07819066094388849,0.014279021691789791,9.207076855500512E-4,0.07187275454735287,0.13864841193831673,0.018823917808592106,-0.0718051119373906,0.06586063204361019,-0.031143430331485488,0.2321064909122123,-0.1393532503610347,-0.07334727648215035,0.0013181348810306843,-0.03136748874115943,-0.03562991987688325,-0.039649491376045835,-0.16203243943808984,0.023030038368139716,0.16704017320435857,0.1619143000344636,0.015287503971803233,-0.07900560036145811,0.031985297892815276,0.07234160171349287,0.23000612623970362,-0.13812356296783707,0.03511105704872094,-0.09102202476191998,0.09195972019106952,-0.17362202679308028,0.1685043243520997,0.21866817643870728,0.007784620296833591,0.07357543537083286,0.1764671948788556,-0.11898041012818332,-0.13338082157711315,-0.01909623223262804,-0.13127922317733393,-0.21768045526512814,1.0,-0.22794665085536117
"EState_VSA10",0.26151431708892403,0.049409660285948113,-0.06656396830567723,-0.15321108744648443,0.29003174318068303,0.053006358049503065,0.13368168259824356,0.24624341218658138,0.06478219482574128,0.01039920589077857,-0.07037349275986772,-0.04330196812015682,-0.07333018719452723,-0.09511207379781464,-0.03494742877949251,-0.07144435536568688,-0.03901031299825593,-0.07721063201547203,-0.09579665725037641,-0.2822527733248976,-0.14098127448752812,0.16770698533752382,0.19769513765996177,0.046060911926345025,0.3956966997531654,0.42447871241725743,0.03990125520057768,0.4846419290307615,0.2078355630920484,0.2009552598246015,0.48342111785546615,0.03018950833730531,0.2025688235398758,0.39699717836987386,0.10450759704256651,0.06301861748851288,-0.14303426930541818,-0.20172396084657415,-0.19697796564888903,-0.019593967489832137,0.026631694546453866,-0.043625871896924295,0.006844524846146698,0.10383109217183774,0.28355117658810497,0.4048690441788878,0.6055061000831358,-0.07472176675716004,-0.05781713419233705,-0.009851800594101004,-0.012996759281324825,-0.10692596752207549,-0.06135634928590049,-0.16052411084110596,0.03239634673748299,0.754609737229834,0.4526810944095622,0.07027211699365228,-0.25030880776564446,0.011057139337007226,0.07551068835277151,-0.33701384927915456,-0.4505647504440965,-0.22794665085536117,1.0
