--
-- PostgreSQL database dump
--

SET client_encoding = 'SQL_ASCII';
SET check_function_bodies = false;
SET client_min_messages = warning;

--
-- Name: RDTests; Type: DATABASE; Schema: -; Owner: sysdba
--

CREATE DATABASE "RDTests" WITH TEMPLATE = template0 ENCODING = 'SQL_ASCII';


ALTER DATABASE "RDTests" OWNER TO sysdba;

\connect "RDTests"

SET client_encoding = 'SQL_ASCII';
SET check_function_bodies = false;
SET client_min_messages = warning;

--
-- Name: SCHEMA public; Type: COMMENT; Schema: -; Owner: sysdba
--

COMMENT ON SCHEMA public IS 'Standard public schema';


SET search_path = public, pg_catalog;

SET default_tablespace = '';

SET default_with_oids = true;

--
-- Name: basic_2class; Type: TABLE; Schema: public; Owner: sysdba; Tablespace: 
--

drop table basic_2class cascade;

CREATE TABLE basic_2class (
    id character varying(5),
    val double precision,
    act integer
);


ALTER TABLE public.basic_2class OWNER TO sysdba;

--
-- Name: bit_ensemble_test; Type: TABLE; Schema: public; Owner: sysdba; Tablespace: 
--
DROP TABLE bit_ensemble_test cascade;

CREATE TABLE bit_ensemble_test (
    id character varying(10),
    bit_1 smallint,
    bit_3 smallint,
    bit_4 smallint,
    act integer
);


ALTER TABLE public.bit_ensemble_test OWNER TO sysdba;

--
-- Name: ferro_noquant; Type: TABLE; Schema: public; Owner: sysdba; Tablespace: 
--
drop TABLE ferro_noquant cascade;

CREATE TABLE ferro_noquant (
    compound character varying(7),
    elconc double precision,
    atvol double precision,
    has3d integer,
    has4d integer,
    has5d integer,
    max_ded double precision,
    isferromagnetic integer
);


ALTER TABLE public.ferro_noquant OWNER TO sysdba;

--
-- Name: ferro_noquant_realact; Type: TABLE; Schema: public; Owner: sysdba; Tablespace: 
--
drop TABLE ferro_noquant_realact cascade;

CREATE TABLE ferro_noquant_realact (
    compound character varying(7),
    elconc double precision,
    atvol double precision,
    has3d integer,
    has4d integer,
    has5d integer,
    max_ded double precision,
    isferromagnetic double precision
);


ALTER TABLE public.ferro_noquant_realact OWNER TO sysdba;

--
-- Name: ferro_quant; Type: TABLE; Schema: public; Owner: sysdba; Tablespace: 
--
drop TABLE ferro_quant cascade;

CREATE TABLE ferro_quant (
    compound character varying(7),
    max_ded integer,
    elconc integer,
    atvol integer,
    has3d integer,
    has4d integer,
    has5d integer,
    isferromagnetic integer
);


ALTER TABLE public.ferro_quant OWNER TO sysdba;

--
-- Name: float_2class; Type: TABLE; Schema: public; Owner: sysdba; Tablespace: 
--
drop TABLE float_2class cascade;

CREATE TABLE float_2class (
    id character varying(5),
    val double precision,
    act double precision
);


ALTER TABLE public.float_2class OWNER TO sysdba;

--
-- Name: fromtext; Type: TABLE; Schema: public; Owner: sysdba; Tablespace: 
--
drop TABLE fromtext cascade;

CREATE TABLE fromtext (
    int_col integer,
    floatcol double precision,
    strcol character varying(4)
);


ALTER TABLE public.fromtext OWNER TO sysdba;

--
-- Name: fromtext2; Type: TABLE; Schema: public; Owner: sysdba; Tablespace: 
--
drop TABLE fromtext2 cascade;

CREATE TABLE fromtext2 (
    int_col integer,
    floatcol double precision,
    strcol character varying(4)
);


ALTER TABLE public.fromtext2 OWNER TO sysdba;

--
-- Name: new_table; Type: TABLE; Schema: public; Owner: sysdba; Tablespace: 
--
drop TABLE new_table cascade;

CREATE TABLE new_table (
    id integer,
    val1 integer,
    val2 integer
);


ALTER TABLE public.new_table OWNER TO sysdba;

--
-- Name: simple_mols; Type: TABLE; Schema: public; Owner: sysdba; Tablespace: 
--
drop TABLE simple_mols cascade;

CREATE TABLE simple_mols (
    smiles character varying(15),
    id character varying(7)
);


ALTER TABLE public.simple_mols OWNER TO sysdba;

--
-- Name: simple_mols_fps; Type: TABLE; Schema: public; Owner: sysdba; Tablespace: 
--
drop TABLE simple_mols_fps cascade;

CREATE TABLE simple_mols_fps (
    id character varying(7) NOT NULL,
    autofragmentfp bytea
);


ALTER TABLE public.simple_mols_fps OWNER TO sysdba;

--
-- Name: simple_combined; Type: VIEW; Schema: public; Owner: sysdba
--

CREATE VIEW simple_combined AS
    SELECT mols.id, mols.smiles, fps.autofragmentfp FROM (simple_mols mols JOIN simple_mols_fps fps ON (((fps.id)::text = (mols.id)::text)));


ALTER TABLE public.simple_combined OWNER TO sysdba;

--
-- Name: simple_mols1; Type: TABLE; Schema: public; Owner: sysdba; Tablespace: 
--
drop TABLE simple_mols1 cascade;

CREATE TABLE simple_mols1 (
    smiles character varying(15),
    id character varying(7)
);


ALTER TABLE public.simple_mols1 OWNER TO sysdba;

--
-- Name: simple_mols1_fp; Type: TABLE; Schema: public; Owner: sysdba; Tablespace: 
--
drop TABLE simple_mols1_fp cascade;

CREATE TABLE simple_mols1_fp (
    id character varying(10),
    autofragmentfp bytea
);


ALTER TABLE public.simple_mols1_fp OWNER TO sysdba;

--
-- Name: storagetest; Type: TABLE; Schema: public; Owner: sysdba; Tablespace: 
--
drop TABLE storagetest cascade;

CREATE TABLE storagetest (
    id character varying(32) NOT NULL,
    label character varying(40),
    val integer
);


ALTER TABLE public.storagetest OWNER TO sysdba;

--
-- Name: ten_elements; Type: TABLE; Schema: public; Owner: sysdba; Tablespace: 
--
drop TABLE ten_elements cascade;

CREATE TABLE ten_elements (
    id integer,
    val integer
);


ALTER TABLE public.ten_elements OWNER TO sysdba;

--
-- Name: ten_elements_dups; Type: TABLE; Schema: public; Owner: sysdba; Tablespace: 
--
drop TABLE ten_elements_dups cascade;

CREATE TABLE ten_elements_dups (
    id integer,
    val integer
);


ALTER TABLE public.ten_elements_dups OWNER TO sysdba;

--
-- Name: test_view; Type: VIEW; Schema: public; Owner: sysdba
--

CREATE VIEW test_view AS
    SELECT ten_elements.val, ten_elements.id FROM ten_elements;


ALTER TABLE public.test_view OWNER TO sysdba;

--
-- Data for Name: basic_2class; Type: TABLE DATA; Schema: public; Owner: sysdba
--

COPY basic_2class (id, val, act) FROM stdin;
id-1	1	0
id-2	23	1
id-3	4	0
id-4	6	1
id-5	321	0
id-6	885	1
id-7	252	0
id-8	1351.0999999999999	1
id-9	3215	0
id-10	2585	1
id-11	55	0
id-12	12	1
\.


--
-- Data for Name: bit_ensemble_test; Type: TABLE DATA; Schema: public; Owner: sysdba
--

COPY bit_ensemble_test (id, bit_1, bit_3, bit_4, act) FROM stdin;
foo	0	0	0	1
foo	1	1	0	1
foo	1	0	1	1
foo	1	0	1	1
\.


--
-- Data for Name: ferro_noquant; Type: TABLE DATA; Schema: public; Owner: sysdba
--

COPY ferro_noquant (compound, elconc, atvol, has3d, has4d, has5d, max_ded, isferromagnetic) FROM stdin;
FeCo	0.73405988833699998	11.579436684999999	1	0	0	3.5345430374100002	1
Ni	0.91713232531900002	10.903551999999999	1	0	0	1.89935600758	1
Fe	0.67682172807600005	11.8199515	1	0	0	3.5345430374100002	1
AlFe3	0.55352822993999995	12.1945	1	0	0	3.5345430374100002	1
Mn	0.59221901206600003	11.8199515	1	0	0	4.2085700035100002	1
FeNi3	0.84758124223099995	11.2083650825	1	0	0	3.5345430374100002	1
Fe3Pd	0.61090143443599998	13.9138648575	1	1	0	3.5345430374100002	1
HfV2	0.13947478270499999	33.458855974999999	1	0	1	2.2877440452600002	0
Pd	0.67953399393400005	14.71596725	0	1	0	0	0
FePt3	0.65460233585500005	14.5126277125	1	0	1	3.5345430374100002	1
CrPt3	0.619669341609	14.523874905	1	0	1	3.6748180389399998	1
Fe3Pt	0.65516761432500004	12.97377925	1	0	1	3.5345430374100002	1
Cr3Rh	0.52884406615500001	12.76368675	1	1	0	3.6748180389399998	1
Pt	0.66405154315000003	15.059072	0	0	1	0.70885699987399997	0
Cr3Ir	0.52512775650900001	12.8540148875	1	0	1	3.6748180389399998	0
V	0.363060641874	13.771803999999999	1	0	0	2.2877440452600002	0
Cr3Ru	0.50762640931400005	12.80469235	1	1	0	3.6748180389399998	0
Co2Nb	0.29597310624700002	25.903254400000002	1	1	0	2.7561609745000002	0
CoTi2	0.22308158424499999	25.401768083299999	1	0	0	2.7561609745000002	0
Cr3Os	0.50600252550699998	12.845785687499999	1	0	1	3.6748180389399998	0
CoTi	0.483896935837	13.43261244	1	0	0	2.7561609745000002	0
Nb	0.27826474107499999	17.968499999999999	0	1	0	2.3222479820299999	0
Cr3Pt	0.53731907514400001	13.027640975000001	1	0	1	3.6748180389399998	0
Cr2Nb	0.20256037807300001	27.975197916700001	1	1	0	3.6748180389399998	0
Rh	0.65607231374800001	13.718	0	1	0	1.3449230194099999	0
IrTi3	0.33419211237399998	15.7095269625	1	0	1	1.6517590284300001	0
Ta	0.27575031591999999	18.1323455	0	0	1	1.5656620264100001	0
CoZr	0.39896850829199998	16.29201269	1	1	0	2.7561609745000002	0
Co2Y	0.22392992360899999	31.2597793417	1	1	0	2.7561609745000002	0
Cr2Ta	0.20160161710999999	28.108240141700001	1	0	1	3.6748180389399998	0
Ir2Sc	0.211811319911	33.048280908300001	1	0	1	1.6517590284300001	0
CoHf	0.41042511437399998	15.83723747	1	0	1	2.7561609745000002	0
Ir2Zr	0.22081382630400001	33.210480775000001	0	1	1	1.6517590284300001	0
Ir	0.63578287760399999	14.155775999999999	0	0	1	1.6517590284300001	0
IrNb3	0.35471017322300002	16.915218262500002	0	1	1	2.3222479820299999	0
IrV3	0.43729933011299998	13.7205789875	1	0	1	2.2877440452600002	0
IrZr	0.35588870700199998	18.264136714999999	0	1	1	1.6517590284300001	0
CoV3	0.46978202072199998	12.7718808625	1	0	0	2.7561609745000002	0
HfRh3	0.51820099910899997	14.955586757500001	0	1	1	1.3449230194099999	0
HfIr3	0.51228401899599996	15.128326695	0	0	1	1.6517590284300001	0
HfTc	0.31459326965500001	17.482891500000001	0	1	1	2.9957029819500001	0
HfPt	0.41545163138500002	16.849133500000001	0	0	1	1.0095700025600001	0
Ir3Ti	0.54534666472100002	14.2111440325	1	0	1	1.6517590284300001	0
Cr	0.50234696502099996	11.943936000000001	1	0	0	3.6748180389399998	0
HfNi2	0.29146842287500002	27.447227116699999	1	0	1	1.89935600758	0
Mo	0.38392782156999999	15.6279375	0	1	0	2.9241099357599998	0
Cr2Zr	0.17040054037399999	31.298805283299998	1	1	0	3.6748180389399998	0
Ir2Y	0.197054630259	35.523143966699998	0	1	1	1.6517590284300001	0
Cr2Hf	0.17582690790399999	30.332861999999999	1	0	1	3.6748180389399998	0
Ir3V	0.57768528130600005	13.848370832500001	1	0	1	2.2877440452600002	0
HfMo2	0.14900548028999999	35.792866966699997	0	1	1	2.9241099357599998	0
Cr2Ti	0.190316268905	28.023528225	1	0	0	3.6748180389399998	0
CoSc	0.38576186851799998	15.553636815000001	1	0	0	2.7561609745000002	0
W	0.38029445946500001	15.777248	0	0	1	2.1384620666499998	0
HfW2	0.14637086733599999	36.437123249999999	0	0	1	2.1384620666499998	0
IrY	0.30531243639299999	19.652000000000001	0	1	1	1.6517590284300001	0
Ir3Nb	0.54237138330800005	14.750040739999999	0	1	1	2.3222479820299999	0
Ir3Ta	0.54530764893100003	14.670617614999999	0	0	1	1.6517590284300001	0
HfRu	0.35776025306199999	16.771007815000001	0	1	1	1.89930105209	0
IrSc	0.36415870162199998	16.47633291	1	0	1	1.6517590284300001	0
HfOs	0.35314121102500001	16.990370460000001	0	0	1	2.1916060447699999	0
CoPt	0.71123755334299998	13.356999999999999	1	0	1	2.7561609745000002	1
MnNi	0.71548536980800004	11.880047250000001	1	0	0	4.2085700035100002	1
MnPd	0.57281499373	14.838997046199999	1	1	0	4.2085700035100002	1
MnPt	0.57901907356899995	14.68	1	0	1	4.2085700035100002	1
NiPt	0.76294022101600001	13.1071868078	1	0	1	1.89935600758	1
CoPt3	0.69363045143500002	14.0564762977	1	0	1	2.7561609745000002	1
Cr3Pt	0.52048373618999999	13.449027343699999	1	0	1	3.6748180389399998	1
CrPt3	0.61966934164099996	14.523874904299999	1	0	1	3.6748180389399998	1
FePt	0.63528643082000003	14.1668380803	1	0	1	3.5345430374100002	1
Mn3Pt	0.55048467875700002	14.078502634299999	1	0	1	4.2085700035100002	1
MnNi3	0.79768251485899999	11.5960922143	1	0	0	4.2085700035100002	1
MnPt3	0.62711691198200004	14.750040739199999	1	0	1	4.2085700035100002	1
Cr4Pt	0.52196710148900005	13.027640977000001	1	0	1	3.6748180389399998	1
FeRh	0.63660665777900005	13.3520438345	1	1	0	3.5345430374100002	1
Co3Pt	0.74974528469799995	12.337523407999999	1	0	1	2.7561609745000002	1
Co4Os	0.77363839477700003	11.37482325	1	0	1	2.7561609745000002	1
Co4Ru	0.76717348355500004	11.470677999999999	1	1	0	2.7561609745000002	1
CoRh	0.72828993497399996	12.357715750000001	1	1	0	2.7561609745000002	1
CrPt	0.52932719092500002	15.113525504	1	0	1	3.6748180389399998	1
CrPt4	0.63197007419700002	14.557651344	1	0	1	3.6748180389399998	1
Fe13Pd7	0.64177322236400003	13.556190406300001	1	1	0	3.5345430374100002	1
Fe13Pt7	0.64483495005400004	13.491824534699999	1	0	1	3.5345430374100002	1
Fe3Pt17	0.65762530229399996	14.750040739199999	1	0	1	3.5345430374100002	1
Fe3Rh7	0.64858637129100005	13.4137878702	1	1	0	3.5345430374100002	1
FePd26	0.67590684743700002	14.6853460112	1	1	0	3.5345430374100002	1
Mn2Pt3	0.59614900292999995	14.761410246000001	1	0	1	4.2085700035100002	1
MnPd3	0.69217333302100004	13.3637046657	1	1	0	4.2085700035100002	1
NiPd	0.75248259056300004	13.289344	1	1	0	1.89935600758	1
NiRh	0.75971012422799999	12.504769512799999	1	1	0	1.89935600758	0
Fe2Hf	0.46150987372000002	14.445339192700001	1	0	1	3.5345430374100002	1
Fe2Zr	0.44950309293899998	14.8311919793	1	1	0	3.5345430374100002	1
Co3Ir	0.75038022309600005	11.9939195131	1	0	1	2.7561609745000002	1
Co3Ir7	0.74435726980799999	12.090968094300001	1	0	1	2.7561609745000002	0
Co3Rh	0.75038022309600005	11.9939195131	1	1	0	2.7561609745000002	1
Co4Rh	0.77298002729199999	11.6432503845	1	1	0	2.7561609745000002	1
CoIr	0.72041093624399999	12.4928697598	1	0	1	2.7561609745000002	0
CoOs	0.68064545647499997	12.488146242899999	1	0	1	2.7561609745000002	0
CoRu	0.69719873105899999	12.1916458269	1	1	0	2.7561609745000002	0
Fe16Rh	0.66885138772300001	12.0487505556	1	1	0	3.5345430374100002	1
Fe32Pt	0.67276558193299996	11.9812996935	1	0	1	3.5345430374100002	1
Fe9Pt	0.662584205604	12.3757854936	1	0	1	3.5345430374100002	1
Fe9Rh	0.66471510517099996	12.1856716313	1	1	0	3.5345430374100002	1
\.


--
-- Data for Name: ferro_noquant_realact; Type: TABLE DATA; Schema: public; Owner: sysdba
--

COPY ferro_noquant_realact (compound, elconc, atvol, has3d, has4d, has5d, max_ded, isferromagnetic) FROM stdin;
FeCo	0.73405988833699998	11.579436684999999	1	0	0	3.5345430374100002	1.1000000000000001
Ni	0.91713232531900002	10.903551999999999	1	0	0	1.89935600758	1.1000000000000001
Fe	0.67682172807600005	11.8199515	1	0	0	3.5345430374100002	1.1000000000000001
AlFe3	0.55352822993999995	12.1945	1	0	0	3.5345430374100002	1.1000000000000001
Mn	0.59221901206600003	11.8199515	1	0	0	4.2085700035100002	1.1000000000000001
FeNi3	0.84758124223099995	11.2083650825	1	0	0	3.5345430374100002	1.1000000000000001
Fe3Pd	0.61090143443599998	13.9138648575	1	1	0	3.5345430374100002	1.1000000000000001
HfV2	0.13947478270499999	33.458855974999999	1	0	1	2.2877440452600002	0.10000000000000001
Pd	0.67953399393400005	14.71596725	0	1	0	0	0.10000000000000001
FePt3	0.65460233585500005	14.5126277125	1	0	1	3.5345430374100002	1.1000000000000001
CrPt3	0.619669341609	14.523874905	1	0	1	3.6748180389399998	1.1000000000000001
Fe3Pt	0.65516761432500004	12.97377925	1	0	1	3.5345430374100002	1.1000000000000001
Cr3Rh	0.52884406615500001	12.76368675	1	1	0	3.6748180389399998	1.1000000000000001
Pt	0.66405154315000003	15.059072	0	0	1	0.70885699987399997	0.10000000000000001
Cr3Ir	0.52512775650900001	12.8540148875	1	0	1	3.6748180389399998	0.10000000000000001
V	0.363060641874	13.771803999999999	1	0	0	2.2877440452600002	0.10000000000000001
Cr3Ru	0.50762640931400005	12.80469235	1	1	0	3.6748180389399998	0.10000000000000001
Co2Nb	0.29597310624700002	25.903254400000002	1	1	0	2.7561609745000002	0.10000000000000001
CoTi2	0.22308158424499999	25.401768083299999	1	0	0	2.7561609745000002	0.10000000000000001
Cr3Os	0.50600252550699998	12.845785687499999	1	0	1	3.6748180389399998	0.10000000000000001
CoTi	0.483896935837	13.43261244	1	0	0	2.7561609745000002	0.10000000000000001
Nb	0.27826474107499999	17.968499999999999	0	1	0	2.3222479820299999	0.10000000000000001
Cr3Pt	0.53731907514400001	13.027640975000001	1	0	1	3.6748180389399998	0.10000000000000001
Cr2Nb	0.20256037807300001	27.975197916700001	1	1	0	3.6748180389399998	0.10000000000000001
Rh	0.65607231374800001	13.718	0	1	0	1.3449230194099999	0.10000000000000001
IrTi3	0.33419211237399998	15.7095269625	1	0	1	1.6517590284300001	0.10000000000000001
Ta	0.27575031591999999	18.1323455	0	0	1	1.5656620264100001	0.10000000000000001
CoZr	0.39896850829199998	16.29201269	1	1	0	2.7561609745000002	0.10000000000000001
Co2Y	0.22392992360899999	31.2597793417	1	1	0	2.7561609745000002	0.10000000000000001
Cr2Ta	0.20160161710999999	28.108240141700001	1	0	1	3.6748180389399998	0.10000000000000001
Ir2Sc	0.211811319911	33.048280908300001	1	0	1	1.6517590284300001	0.10000000000000001
CoHf	0.41042511437399998	15.83723747	1	0	1	2.7561609745000002	0.10000000000000001
Ir2Zr	0.22081382630400001	33.210480775000001	0	1	1	1.6517590284300001	0.10000000000000001
Ir	0.63578287760399999	14.155775999999999	0	0	1	1.6517590284300001	0.10000000000000001
IrNb3	0.35471017322300002	16.915218262500002	0	1	1	2.3222479820299999	0.10000000000000001
IrV3	0.43729933011299998	13.7205789875	1	0	1	2.2877440452600002	0.10000000000000001
IrZr	0.35588870700199998	18.264136714999999	0	1	1	1.6517590284300001	0.10000000000000001
CoV3	0.46978202072199998	12.7718808625	1	0	0	2.7561609745000002	0.10000000000000001
HfRh3	0.51820099910899997	14.955586757500001	0	1	1	1.3449230194099999	0.10000000000000001
HfIr3	0.51228401899599996	15.128326695	0	0	1	1.6517590284300001	0.10000000000000001
HfTc	0.31459326965500001	17.482891500000001	0	1	1	2.9957029819500001	0.10000000000000001
HfPt	0.41545163138500002	16.849133500000001	0	0	1	1.0095700025600001	0.10000000000000001
Ir3Ti	0.54534666472100002	14.2111440325	1	0	1	1.6517590284300001	0.10000000000000001
Cr	0.50234696502099996	11.943936000000001	1	0	0	3.6748180389399998	0.10000000000000001
HfNi2	0.29146842287500002	27.447227116699999	1	0	1	1.89935600758	0.10000000000000001
Mo	0.38392782156999999	15.6279375	0	1	0	2.9241099357599998	0.10000000000000001
Cr2Zr	0.17040054037399999	31.298805283299998	1	1	0	3.6748180389399998	0.10000000000000001
Ir2Y	0.197054630259	35.523143966699998	0	1	1	1.6517590284300001	0.10000000000000001
Cr2Hf	0.17582690790399999	30.332861999999999	1	0	1	3.6748180389399998	0.10000000000000001
Ir3V	0.57768528130600005	13.848370832500001	1	0	1	2.2877440452600002	0.10000000000000001
HfMo2	0.14900548028999999	35.792866966699997	0	1	1	2.9241099357599998	0.10000000000000001
Cr2Ti	0.190316268905	28.023528225	1	0	0	3.6748180389399998	0.10000000000000001
CoSc	0.38576186851799998	15.553636815000001	1	0	0	2.7561609745000002	0.10000000000000001
W	0.38029445946500001	15.777248	0	0	1	2.1384620666499998	0.10000000000000001
HfW2	0.14637086733599999	36.437123249999999	0	0	1	2.1384620666499998	0.10000000000000001
IrY	0.30531243639299999	19.652000000000001	0	1	1	1.6517590284300001	0.10000000000000001
Ir3Nb	0.54237138330800005	14.750040739999999	0	1	1	2.3222479820299999	0.10000000000000001
Ir3Ta	0.54530764893100003	14.670617614999999	0	0	1	1.6517590284300001	0.10000000000000001
HfRu	0.35776025306199999	16.771007815000001	0	1	1	1.89930105209	0.10000000000000001
IrSc	0.36415870162199998	16.47633291	1	0	1	1.6517590284300001	0.10000000000000001
HfOs	0.35314121102500001	16.990370460000001	0	0	1	2.1916060447699999	0.10000000000000001
CoPt	0.71123755334299998	13.356999999999999	1	0	1	2.7561609745000002	1.1000000000000001
MnNi	0.71548536980800004	11.880047250000001	1	0	0	4.2085700035100002	1.1000000000000001
MnPd	0.57281499373	14.838997046199999	1	1	0	4.2085700035100002	1.1000000000000001
MnPt	0.57901907356899995	14.68	1	0	1	4.2085700035100002	1.1000000000000001
NiPt	0.76294022101600001	13.1071868078	1	0	1	1.89935600758	1.1000000000000001
CoPt3	0.69363045143500002	14.0564762977	1	0	1	2.7561609745000002	1.1000000000000001
Cr3Pt	0.52048373618999999	13.449027343699999	1	0	1	3.6748180389399998	1.1000000000000001
CrPt3	0.61966934164099996	14.523874904299999	1	0	1	3.6748180389399998	1.1000000000000001
FePt	0.63528643082000003	14.1668380803	1	0	1	3.5345430374100002	1.1000000000000001
Mn3Pt	0.55048467875700002	14.078502634299999	1	0	1	4.2085700035100002	1.1000000000000001
MnNi3	0.79768251485899999	11.5960922143	1	0	0	4.2085700035100002	1.1000000000000001
MnPt3	0.62711691198200004	14.750040739199999	1	0	1	4.2085700035100002	1.1000000000000001
Cr4Pt	0.52196710148900005	13.027640977000001	1	0	1	3.6748180389399998	1.1000000000000001
FeRh	0.63660665777900005	13.3520438345	1	1	0	3.5345430374100002	1.1000000000000001
Co3Pt	0.74974528469799995	12.337523407999999	1	0	1	2.7561609745000002	1.1000000000000001
Co4Os	0.77363839477700003	11.37482325	1	0	1	2.7561609745000002	1.1000000000000001
Co4Ru	0.76717348355500004	11.470677999999999	1	1	0	2.7561609745000002	1.1000000000000001
CoRh	0.72828993497399996	12.357715750000001	1	1	0	2.7561609745000002	1.1000000000000001
CrPt	0.52932719092500002	15.113525504	1	0	1	3.6748180389399998	1.1000000000000001
CrPt4	0.63197007419700002	14.557651344	1	0	1	3.6748180389399998	1.1000000000000001
Fe13Pd7	0.64177322236400003	13.556190406300001	1	1	0	3.5345430374100002	1.1000000000000001
Fe13Pt7	0.64483495005400004	13.491824534699999	1	0	1	3.5345430374100002	1.1000000000000001
Fe3Pt17	0.65762530229399996	14.750040739199999	1	0	1	3.5345430374100002	1.1000000000000001
Fe3Rh7	0.64858637129100005	13.4137878702	1	1	0	3.5345430374100002	1.1000000000000001
FePd26	0.67590684743700002	14.6853460112	1	1	0	3.5345430374100002	1.1000000000000001
Mn2Pt3	0.59614900292999995	14.761410246000001	1	0	1	4.2085700035100002	1.1000000000000001
MnPd3	0.69217333302100004	13.3637046657	1	1	0	4.2085700035100002	1.1000000000000001
NiPd	0.75248259056300004	13.289344	1	1	0	1.89935600758	1.1000000000000001
NiRh	0.75971012422799999	12.504769512799999	1	1	0	1.89935600758	0.10000000000000001
Fe2Hf	0.46150987372000002	14.445339192700001	1	0	1	3.5345430374100002	1.1000000000000001
Fe2Zr	0.44950309293899998	14.8311919793	1	1	0	3.5345430374100002	1.1000000000000001
Co3Ir	0.75038022309600005	11.9939195131	1	0	1	2.7561609745000002	1.1000000000000001
Co3Ir7	0.74435726980799999	12.090968094300001	1	0	1	2.7561609745000002	0.10000000000000001
Co3Rh	0.75038022309600005	11.9939195131	1	1	0	2.7561609745000002	1.1000000000000001
Co4Rh	0.77298002729199999	11.6432503845	1	1	0	2.7561609745000002	1.1000000000000001
CoIr	0.72041093624399999	12.4928697598	1	0	1	2.7561609745000002	0.10000000000000001
CoOs	0.68064545647499997	12.488146242899999	1	0	1	2.7561609745000002	0.10000000000000001
CoRu	0.69719873105899999	12.1916458269	1	1	0	2.7561609745000002	0.10000000000000001
Fe16Rh	0.66885138772300001	12.0487505556	1	1	0	3.5345430374100002	1.1000000000000001
Fe32Pt	0.67276558193299996	11.9812996935	1	0	1	3.5345430374100002	1.1000000000000001
Fe9Pt	0.662584205604	12.3757854936	1	0	1	3.5345430374100002	1.1000000000000001
Fe9Rh	0.66471510517099996	12.1856716313	1	1	0	3.5345430374100002	1.1000000000000001
\.


--
-- Data for Name: ferro_quant; Type: TABLE DATA; Schema: public; Owner: sysdba
--

COPY ferro_quant (compound, max_ded, elconc, atvol, has3d, has4d, has5d, isferromagnetic) FROM stdin;
AlFe3	2	1	1	1	0	0	1
Co2Nb	1	0	2	1	1	0	0
Co2Y	1	0	2	1	1	0	0
Co3Ir	1	2	1	1	0	1	1
Co3Ir7	1	2	1	1	0	1	0
Co3Pt	1	2	1	1	0	1	1
Co3Rh	1	2	1	1	1	0	1
Co4Os	1	2	0	1	0	1	1
Co4Rh	1	2	0	1	1	0	1
Co4Ru	1	2	0	1	1	0	1
CoHf	1	0	2	1	0	1	0
CoIr	1	1	1	1	0	1	0
CoOs	1	1	1	1	0	1	0
CoRu	1	1	1	1	1	0	0
CoSc	1	0	2	1	0	0	0
CoTi	1	0	1	1	0	0	0
CoTi2	1	0	2	1	0	0	0
CoV3	1	0	1	1	0	0	0
CoZr	1	0	2	1	1	0	0
Cr	2	0	1	1	0	0	0
Cr2Hf	2	0	2	1	0	1	0
Cr2Nb	2	0	2	1	1	0	0
Cr2Ta	2	0	2	1	0	1	0
Cr2Ti	2	0	2	1	0	0	0
Cr2Zr	2	0	2	1	1	0	0
Cr3Ir	2	0	1	1	0	1	0
Cr3Os	2	0	1	1	0	1	0
Cr3Pt	2	0	1	1	0	1	0
Cr3Rh	2	0	1	1	1	0	0
Cr3Ru	2	0	1	1	1	0	0
CrPt3	2	1	2	1	0	1	1
CrPt3	2	1	2	1	0	1	1
CrPt4	2	1	2	1	0	1	1
Fe	2	1	1	1	0	0	1
Fe13Pd7	2	1	1	1	1	0	1
Fe13Pt7	2	1	1	1	0	1	1
Fe16Rh	2	1	1	1	1	0	1
Fe32Pt	2	1	1	1	0	1	1
Fe3Pd	2	1	1	1	1	0	1
Fe3Pt	2	1	1	1	0	1	1
Fe3Pt17	2	1	2	1	0	1	1
Fe3Rh7	2	1	1	1	1	0	1
Fe9Pt	2	1	1	1	0	1	1
Fe9Rh	2	1	1	1	1	0	1
FeCo	2	2	0	1	0	0	1
FeNi3	2	2	0	1	0	0	1
FePd26	2	1	2	1	1	0	1
FePt	2	1	1	1	0	1	1
FePt3	2	1	1	1	0	1	1
FeRh	2	1	1	1	1	0	1
HfIr3	0	0	2	0	0	1	0
HfMo2	1	0	2	0	1	1	0
HfNi2	1	0	2	1	0	1	0
HfOs	1	0	2	0	0	1	0
HfPt	0	0	2	0	0	1	0
HfRh3	0	0	2	0	1	1	0
HfRu	1	0	2	0	1	1	0
HfTc	1	0	2	0	1	1	0
HfV2	1	0	2	1	0	1	0
HfW2	1	0	2	0	0	1	0
Ir	0	1	1	0	0	1	0
Ir2Sc	0	0	2	1	0	1	0
Ir2Y	0	0	2	0	1	1	0
Ir2Zr	0	0	2	0	1	1	0
Ir3Nb	1	0	2	0	1	1	0
Ir3Ta	0	0	2	0	0	1	0
Ir3Ti	0	0	1	1	0	1	0
Ir3V	1	1	1	1	0	1	0
IrNb3	1	0	2	0	1	1	0
IrSc	0	0	2	1	0	1	0
IrTi3	0	0	2	1	0	1	0
IrV3	1	0	1	1	0	1	0
IrY	0	0	2	0	1	1	0
IrZr	0	0	2	0	1	1	0
Mn	2	1	1	1	0	0	1
Mn2Pt3	2	1	2	1	0	1	1
Mn3Pt	2	1	1	1	0	1	1
MnNi	2	1	1	1	0	0	1
MnNi3	2	2	0	1	0	0	1
MnPd	2	1	2	1	1	0	1
MnPd3	2	1	1	1	1	0	1
MnPt	2	1	2	1	0	1	1
MnPt3	2	1	2	1	0	1	1
Mo	1	0	2	0	1	0	0
Nb	1	0	2	0	1	0	0
Ni	1	2	0	1	0	0	1
NiPd	1	2	1	1	1	0	1
NiPt	1	2	1	1	0	1	1
NiRh	1	2	1	1	1	0	0
Pd	0	1	2	0	1	0	0
Pt	0	1	2	0	0	1	0
Rh	0	1	1	0	1	0	0
Ta	0	0	2	0	0	1	0
V	1	0	1	1	0	0	0
W	1	0	2	0	0	1	0
\.


--
-- Data for Name: float_2class; Type: TABLE DATA; Schema: public; Owner: sysdba
--

COPY float_2class (id, val, act) FROM stdin;
id-1	1	-0.10000000000000001
id-2	23	1.2
id-3	4	0.5
id-4	6	1.01
id-5	321	0.69999999999999996
id-6	885	2
id-7	252	0
id-8	1351.0999999999999	1.1000000000000001
id-9	3215	-0.90000000000000002
id-10	2585	1.3
id-11	55	0.90000000000000002
id-12	12	3
\.


--
-- Data for Name: fromtext; Type: TABLE DATA; Schema: public; Owner: sysdba
--

COPY fromtext (int_col, floatcol, strcol) FROM stdin;
1	1	1
2	2.3999999999999999	1
3	3	fiib
\.


--
-- Data for Name: fromtext2; Type: TABLE DATA; Schema: public; Owner: sysdba
--

COPY fromtext2 (int_col, floatcol, strcol) FROM stdin;
1	1	1
2	2.3999999999999999	1
3	3	fiib
4	\N	foo
\.


--
-- Data for Name: new_table; Type: TABLE DATA; Schema: public; Owner: sysdba
--

COPY new_table (id, val1, val2) FROM stdin;
0	1	0
1	2	2
2	3	4
3	4	6
4	5	8
5	6	10
6	7	12
7	8	14
8	9	16
9	10	18
\.


--
-- Data for Name: simple_mols; Type: TABLE DATA; Schema: public; Owner: sysdba
--

COPY simple_mols (smiles, id) FROM stdin;
COC	ether-1
CC(=O)O	acid-1
c1ccccc1	arom-1
CCOC	ether-2
CCC(=O)O	acid-2
Cc1ccccc1	arom-2
CCOCC	ether-3
CC(C)C(=O)O	acid-3
Cc1cc(C)ccc1	arom-3
CCCOCC	ether-4
CCC(C)C(=O)O	acid-4
Cc1cc(C)cc(C)c1	arom-4
\.


--
-- Data for Name: simple_mols1; Type: TABLE DATA; Schema: public; Owner: sysdba
--

COPY simple_mols1 (smiles, id) FROM stdin;
COC	ether-1
CC(=O)O	acid-1
c1ccccc1	arom-1
CCOC	ether-2
CCC(=O)O	acid-2
Cc1ccccc1	arom-2
CCOCC	ether-3
CC(C)C(=O)O	acid-3
Cc1cc(C)ccc1	arom-3
CCCOCC	ether-4
CCC(C)C(=O)O	acid-4
Cc1cc(C)cc(C)c1	arom-4
\.


--
-- Data for Name: simple_mols1_fp; Type: TABLE DATA; Schema: public; Owner: sysdba
--

COPY simple_mols1_fp (id, autofragmentfp) FROM stdin;
ether-1	cDataStructs.cDataStructs\\012ExplicitBitVect\\012p1\\012(S'\\\\xe0\\\\xff\\\\xff\\\\xff\\\\x00\\\\x08\\\\x00\\\\x00\\\\x08\\\\x00\\\\x00\\\\x00i\\\\x00y\\\\x02\\\\xdd\\\\x0c>\\\\xf1\\\\x036\\\\x02\\\\xda\\\\xca'\\012tRp2\\012.
acid-1	cDataStructs.cDataStructs\\012ExplicitBitVect\\012p1\\012(S'\\\\xe0\\\\xff\\\\xff\\\\xff\\\\x00\\\\x08\\\\x00\\\\x00\\\\x1b\\\\x00\\\\x00\\\\x00\\\\x1a1\\\\x00\\\\xf4\\\\xa5\\\\x00Y\\\\x01\\\\x04\\\\x0c\\\\x1e\\\\x19\\\\x01\\\\xa8Z\\\\x92\\\\x1e@~\\\\xde\\\\x92\\\\x02\\\\x02\\\\xd8\\\\x84DN}\\\\x006^\\\\x8a\\\\xbe'\\012tRp2\\012.
arom-1	cDataStructs.cDataStructs\\012ExplicitBitVect\\012p1\\012(S'\\\\xe0\\\\xff\\\\xff\\\\xff\\\\x00\\\\x08\\\\x00\\\\x00\\\\x18\\\\x00\\\\x00\\\\x00"4\\\\x18\\\\x18\\\\xe8\\\\xcd\\\\x00d\\\\x045\\\\x02\\\\x1a\\\\x0c.\\\\xe5\\\\x02Xp$\\\\xb2\\\\xc9\\\\x02\\\\x05\\\\x00\\\\x0e\\\\x90\\\\x16.j\\\\xc9\\\\x00'\\012tRp2\\012.
ether-2	cDataStructs.cDataStructs\\012ExplicitBitVect\\012p1\\012(S'\\\\xe0\\\\xff\\\\xff\\\\xff\\\\x00\\\\x08\\\\x00\\\\x00\\\\x14\\\\x00\\\\x00\\\\x00i\\\\x00y\\\\x02\\\\n\\\\xdd\\\\x04\\\\t\\\\x00b\\\\x90\\\\x86\\\\xd6\\\\x96\\\\x02:\\\\xd1\\\\x00\\\\x1d\\\\x016\\\\x02\\\\xda\\\\n*h('\\012tRp2\\012.
acid-2	cDataStructs.cDataStructs\\012ExplicitBitVect\\012p1\\012(S'\\\\xe0\\\\xff\\\\xff\\\\xff\\\\x00\\\\x08\\\\x00\\\\x00+\\\\x00\\\\x00\\\\x00\\\\n\\\\x0e1\\\\x00|N&\\\\x06\\\\x95\\\\x00Y\\\\x01\\\\x04\\\\x0c\\\\x1eZa\\\\x00\\\\x10\\\\x96Z6Z\\\\x08\\\\x14@v\\\\x06\\\\n\\\\xd2h(\\\\x02\\\\x02`v\\\\x06|D0\\\\x1cq\\\\x00\\\\x046^\\\\x0c|\\\\xbe'\\012tRp2\\012.
arom-2	cDataStructs.cDataStructs\\012ExplicitBitVect\\012p1\\012(S'\\\\xe0\\\\xff\\\\xff\\\\xff\\\\x00\\\\x08\\\\x00\\\\x00J\\\\x00\\\\x00\\\\x00"0\\\\x02\\\\x18\\\\x188R:\\\\x1e0\\\\x02<lL66$\\\\x06\\\\x04\\\\nJ>\\\\xba\\\\x8c8\\\\x10\\\\x08\\\\x0c.\\\\\\\\\\\\x1a\\\\x96Z.$\\\\x02\\\\xaaH\\\\x0eR\\\\x06\\\\x14$f\\\\x108D(\\\\x04\\\\x18"\\\\x18"d"\\\\x1a\\\\xb0\\\\x1aJ\\\\x8c(\\\\n\\\\x02\\\\x08\\\\x04\\\\x80\\\\x16\\\\x16\\\\x16j\\\\x08\\\\x9a\\\\x98\\\\x18\\\\n'\\012tRp2\\012.
ether-3	cDataStructs.cDataStructs\\012ExplicitBitVect\\012p1\\012(S'\\\\xe0\\\\xff\\\\xff\\\\xff\\\\x00\\\\x08\\\\x00\\\\x00\\\\x18\\\\x00\\\\x00\\\\x00i\\\\x009\\\\x02\\\\x1e\\\\n)\\\\x04X\\\\t\\\\x00b\\\\x1at\\\\x862\\\\xa2\\\\x96\\\\x02:\\\\xd1\\\\x00\\\\x1d\\\\x016\\\\x02\\\\xda\\\\n*h('\\012tRp2\\012.
acid-3	cDataStructs.cDataStructs\\012ExplicitBitVect\\012p1\\012(S'\\\\xe0\\\\xff\\\\xff\\\\xff\\\\x00\\\\x08\\\\x00\\\\x00;\\\\x00\\\\x00\\\\x00\\\\n\\\\x0e\\\\x98~|\\\\x0c4\\\\n&\\\\x06d\\\\xd6\\\\x06\\\\x04\\\\xb6\\\\x1a\\\\xb4"\\\\x04\\\\x0c\\\\x1eZ\\\\xb4P(\\\\x10\\\\x96Z6Z\\\\x08\\\\x14@v\\\\x06\\\\n \\\\x10\\\\x9eh(\\\\x02\\\\x02`v\\\\x06|D0\\\\x1cFP\\\\x9e\\\\x046>\\\\x1e\\\\x0c|\\\\xbe'\\012tRp2\\012.
arom-3	cDataStructs.cDataStructs\\012ExplicitBitVect\\012p1\\012(S'\\\\xe0\\\\xff\\\\xff\\\\xff\\\\x00\\\\x08\\\\x00\\\\x00i\\\\x00\\\\x00\\\\x00"\\\\x0c"\\\\x02\\\\x18\\\\x188R:\\\\x0e\\\\x0e\\\\n\\\\x10\\\\x12\\\\x02<l(\\\\x12\\\\x0e\\\\x1c\\\\x18\\\\x1e\\\\x16\\\\x04\\\\x10\\\\x0c\\\\x06\\\\x04\\\\n\\\\n>>rF.\\\\\\\\8\\\\x10\\\\x08\\\\x06\\\\x02\\\\x00$\\\\x08\\\\\\\\\\\\x1a\\\\x96Z.$\\\\x02\\\\xaa6\\\\x10\\\\x00\\\\x0cR\\\\x06\\\\x00\\\\x12$d\\\\x00\\\\x108\\\\x14\\\\x0c \\\\x1a\\\\x0c\\\\x04\\\\n\\\\x0c"\\\\x18"\\\\x14N"\\\\x1a\\\\xb0\\\\x1aJ,\\\\nR(\\\\n\\\\x02\\\\x08\\\\x04D"\\\\x16\\\\x16\\\\x16\\\\x16j\\\\x08\\\\x9a\\\\x04\\\\x18x\\\\x18\\\\n'\\012tRp2\\012.
ether-4	cDataStructs.cDataStructs\\012ExplicitBitVect\\012p1\\012(S'\\\\xe0\\\\xff\\\\xff\\\\xff\\\\x00\\\\x08\\\\x00\\\\x00\\\\'\\\\x00\\\\x00\\\\x00\\\\xa4\\\\x8e|N\\\\x9d\\\\x00\\\\x1e\\\\nJ\\\\xe1\\\\x01\\\\xd6X\\\\t\\\\x00b\\\\x1a\\\\x1cVv\\\\x0e2\\\\xa2h,\\\\x02::\\\\xb2x\\\\xa8\\\\xb8$\\\\x046\\\\x02hp\\\\n*h\\\\x00&'\\012tRp2\\012.
acid-4	cDataStructs.cDataStructs\\012ExplicitBitVect\\012p1\\012(S'\\\\xe0\\\\xff\\\\xff\\\\xff\\\\x00\\\\x08\\\\x00\\\\x00[\\\\x00\\\\x00\\\\x00\\\\n\\\\x08\\\\x04\\\\x16\\\\x80~|\\\\x0c\\\\x14\\\\x08\\\\x14\\\\n&\\\\x06d\\\\xd6\\\\x06\\\\x04 \\\\x80\\\\x12\\\\x1a\\\\x94\\\\x1e"\\\\x04\\\\x0c\\\\x02\\\\x1aZp\\\\x16*"\\\\x10\\\\x12\\\\x06(\\\\x10\\\\x966\\\\x08\\\\x186\\\\x1a>\\\\x08\\\\x14\\\\x00\\\\x04\\\\x1e\\\\x18T \\\\x06\\\\n \\\\x10PL24(\\\\x02\\\\x02\\\\\\\\\\\\x02r\\\\x02\\\\x06\\\\x12hD0\\\\x1c\\\\x00DP\\\\x0e\\\\x8e\\\\x046\\\\x18$\\\\x1e\\\\x0c,N\\\\x04&b,'\\012tRp2\\012.
arom-4	cDataStructs.cDataStructs\\012ExplicitBitVect\\012p1\\012(S'\\\\xe0\\\\xff\\\\xff\\\\xff\\\\x00\\\\x08\\\\x00\\\\x00m\\\\x00\\\\x00\\\\x00"\\\\x0c"\\\\x02\\\\x18\\\\x188((:\\\\x0e\\\\x0e\\\\n\\\\x10\\\\x12\\\\x02<l(\\\\x12\\\\x0e\\\\x1c\\\\x18\\\\x1e\\\\x16\\\\x04\\\\x10\\\\x0c\\\\x06\\\\x04\\\\n\\\\n>>rF.\\\\\\\\8\\\\x10\\\\x08\\\\x06\\\\x02\\\\x00$\\\\x08\\\\\\\\\\\\x1a\\\\x96Z.$\\\\x02XP6\\\\x10\\\\x00\\\\x0cB\\\\x0e\\\\x06\\\\x00\\\\x12$d\\\\x00\\\\x108\\\\x14\\\\x0c \\\\x1a\\\\x0c\\\\x04\\\\n\\\\x0c"\\\\x18"\\\\x14N"\\\\x1a\\\\xb0\\\\x1aJ\\\\x0c\\\\x1e\\\\nR(\\\\n\\\\x02\\\\x08\\\\x04D"\\\\x16\\\\x16\\\\x16\\\\x16j\\\\x08\\\\x9a\\\\x04\\\\x18x\\\\x18\\\\n'\\012tRp2\\012.
\.


--
-- Data for Name: simple_mols_fps; Type: TABLE DATA; Schema: public; Owner: sysdba
--

COPY simple_mols_fps (id, autofragmentfp) FROM stdin;
ether-1	cDataStructs.cDataStructs\\012ExplicitBitVect\\012q\\001(U\\025\\340\\377\\377\\377\\200\\000\\000\\000\\010\\000\\000\\000@6\\022\\002\\014\\036\\016,\\002tRq\\002.
acid-1	cDataStructs.cDataStructs\\012ExplicitBitVect\\012q\\001(U&\\340\\377\\377\\377\\200\\000\\000\\000\\031\\000\\000\\000\\002(\\000\\006\\006\\000\\014\\004\\000\\000\\012\\012\\006\\000\\022\\020\\004\\026\\006\\000\\004\\020\\010\\000\\000\\020tRq\\002.
arom-1	cDataStructs.cDataStructs\\012ExplicitBitVect\\012q\\001(U$\\340\\377\\377\\377\\200\\000\\000\\000\\027\\000\\000\\000:\\020\\000\\010\\000\\024\\026\\006\\010\\002\\014\\002\\000\\006\\010\\014\\012\\000\\000\\004\\004\\000\\010\\004tRq\\002.
ether-2	cDataStructs.cDataStructs\\012ExplicitBitVect\\012q\\001(U \\340\\377\\377\\377\\200\\000\\000\\000\\023\\000\\000\\000(\\026\\016\\002\\000\\014\\022\\022\\000\\000\\014\\004\\000\\026\\010\\004\\036\\002\\010\\002tRq\\002.
acid-2	cDataStructs.cDataStructs\\012ExplicitBitVect\\012q\\001(U2\\340\\377\\377\\377\\200\\000\\000\\000%\\000\\000\\000\\002\\010\\022\\006\\002\\000\\006\\004\\000\\000\\006\\004\\004\\000\\000\\012\\010\\000\\006\\000\\022\\000\\016\\004\\020\\002\\000\\002\\002\\000\\004\\004\\000\\010\\010\\000\\000\\020tRq\\002.
arom-2	cDataStructs.cDataStructs\\012ExplicitBitVect\\012q\\001(UF\\340\\377\\377\\377\\200\\000\\000\\0009\\000\\000\\000\\002\\000\\016\\016\\000\\006\\012\\010\\000\\002\\000\\000\\006\\000\\000\\000\\004\\000\\000\\000\\006\\000\\016\\000\\000\\000\\004\\000\\000\\004\\000\\002\\002\\002\\002\\000\\002\\000\\000\\000\\002\\010\\004\\000\\000\\002\\000\\010\\000\\000\\000\\002\\000\\002\\000\\010\\000\\002tRq\\002.
ether-3	cDataStructs.cDataStructs\\012ExplicitBitVect\\012q\\001(U"\\340\\377\\377\\377\\200\\000\\000\\000\\025\\000\\000\\000\\030\\016\\026\\016\\002\\000\\014\\022\\022\\000\\000\\014\\004\\000\\026\\010\\000\\002\\036\\002\\010\\002tRq\\002.
acid-3	cDataStructs.cDataStructs\\012ExplicitBitVect\\012q\\001(U<\\340\\377\\377\\377\\200\\000\\000\\000/\\000\\000\\000\\002\\010\\022\\006\\002\\000\\000\\004\\004\\000\\000\\002\\002\\004\\000\\002\\000\\000\\000\\010\\004\\002\\000\\000\\004\\000\\016\\002\\000\\016\\004\\020\\002\\000\\002\\002\\000\\004\\004\\000\\004\\002\\010\\000\\000\\010\\000\\004tRq\\002.
arom-3	cDataStructs.cDataStructs\\012ExplicitBitVect\\012q\\001(Ud\\340\\377\\377\\377\\000\\001\\000\\000W\\000\\000\\000\\004\\016\\030\\000\\002\\004\\006\\000\\004\\000\\000\\006\\000\\002\\004\\000\\014\\016\\000\\000\\002\\000\\000\\000\\000\\004\\004\\012\\000\\002\\004\\014\\004\\000\\000\\002\\000\\010\\000\\002\\002\\000\\016\\000\\004\\014\\022\\000\\004\\000\\016\\006\\004\\010\\002\\002\\006\\000\\000\\004\\016\\002\\002\\004\\000\\006\\000\\000\\000\\002\\002\\002\\004\\000\\000\\000\\002\\020\\000\\000\\000\\000\\004\\006\\012\\000\\010\\004tRq\\002.
ether-4	cDataStructs.cDataStructs\\012ExplicitBitVect\\012q\\001(U,\\340\\377\\377\\377\\200\\000\\000\\000\\037\\000\\000\\000\\000\\012\\012\\006\\006\\014\\010\\016\\002\\000\\014\\010\\010\\020\\000\\000\\000\\014\\004\\000\\020\\002\\000\\002\\004\\000\\002\\004\\030\\002\\010\\002tRq\\002.
acid-4	cDataStructs.cDataStructs\\012ExplicitBitVect\\012q\\001(UO\\340\\377\\377\\377\\200\\000\\000\\000B\\000\\000\\000\\000\\000\\010\\000\\004\\012\\000\\004\\002\\000\\000\\004\\002\\000\\000\\000\\002\\000\\000\\000\\002\\000\\002\\000\\000\\000\\004\\002\\004\\002\\000\\000\\002\\000\\000\\002\\002\\000\\004\\002\\000\\010\\000\\002\\004\\000\\002\\012\\002\\000\\002\\002\\000\\004\\004\\000\\002\\000\\000\\000\\010\\000\\000\\004\\002\\000\\004tRq\\002.
arom-4	cDataStructs.cDataStructs\\012ExplicitBitVect\\012q\\001(Uh\\340\\377\\377\\377\\000\\001\\000\\000[\\000\\000\\000\\004\\016\\030\\000\\002\\004\\006\\000\\004\\000\\000\\006\\000\\002\\004\\000\\014\\016\\000\\000\\002\\000\\000\\000\\000\\004\\004\\012\\000\\002\\004\\014\\004\\000\\000\\002\\000\\010\\000\\002\\002\\000\\016\\000\\004\\014\\022\\000\\000\\002\\000\\016\\006\\004\\010\\002\\002\\006\\000\\000\\004\\016\\002\\002\\004\\000\\006\\000\\000\\000\\002\\000\\000\\002\\004\\000\\000\\000\\002\\004\\012\\000\\000\\000\\000\\004\\000\\004\\012\\000\\010\\004tRq\\002.
\.


--
-- Data for Name: storagetest; Type: TABLE DATA; Schema: public; Owner: sysdba
--

COPY storagetest (id, label, val) FROM stdin;
RDCmpd-000-001-1	label1	1
RDCmpd-000-002-2	label2	1
RDCmpd-000-010-1	label10	1
\.


--
-- Data for Name: ten_elements; Type: TABLE DATA; Schema: public; Owner: sysdba
--

COPY ten_elements (id, val) FROM stdin;
0	11
2	21
4	31
6	41
8	51
10	61
12	71
14	81
16	91
18	101
\.


--
-- Data for Name: ten_elements_dups; Type: TABLE DATA; Schema: public; Owner: sysdba
--

COPY ten_elements_dups (id, val) FROM stdin;
0	11
0	11
2	21
2	21
4	31
4	31
6	41
6	41
8	51
8	51
10	61
10	61
12	71
12	71
14	81
14	81
16	91
16	91
18	101
18	101
\.


--
-- Name: simple_mols_fps_pkey; Type: CONSTRAINT; Schema: public; Owner: sysdba; Tablespace: 
--

ALTER TABLE ONLY simple_mols_fps
    ADD CONSTRAINT simple_mols_fps_pkey PRIMARY KEY (id);


ALTER INDEX public.simple_mols_fps_pkey OWNER TO sysdba;

--
-- Name: storagetest_pkey; Type: CONSTRAINT; Schema: public; Owner: sysdba; Tablespace: 
--

ALTER TABLE ONLY storagetest
    ADD CONSTRAINT storagetest_pkey PRIMARY KEY (id);


ALTER INDEX public.storagetest_pkey OWNER TO sysdba;


--
-- PostgreSQL database dump complete
--

